date,nb_taches_jour,volume_entrant_jour,etp_disponible,charge_par_etp,alerte_surcharge,temps_moyen_traitement,duree_traitement_mediane,taux_complexes,jour_semaine,mois,trimestre,est_fin_de_mois,est_fin_trimestre,est_lundi,est_vendredi,semaine_du_mois,volume_lag_1j,etp_lag_1j,volume_lag_7j,etp_lag_7j,volume_lag_14j,etp_lag_14j,volume_lag_30j,etp_lag_30j,volume_moy_7j,charge_moy_7j
2024-01-01,930,2858.0,55.8,51.218637992831546,0,53.76749435665914,2.0,2.0580645161290323,0,1,1,0,0,1,0,1,,,,,,,,,2858.0,51.218637992831546
2024-01-02,930,4139.0,55.0,75.25454545454545,0,54.224806201550386,2.0,2.0086021505376346,1,1,1,0,0,0,0,1,2858.0,55.8,,,,,,,3498.5,63.2365917236885
2024-01-03,930,4180.0,54.0,77.4074074074074,0,53.26209223847019,2.0,2.009677419354839,2,1,1,0,0,0,0,1,4139.0,55.0,,,,,,,3725.6666666666665,67.9601969515948
2024-01-04,945,2745.0,50.8,54.03543307086615,0,53.848351648351645,2.0,2.0,3,1,1,0,0,0,0,1,4180.0,54.0,,,,,,,3480.5,64.47900598141264
2024-01-05,945,2416.0,49.8,48.5140562248996,0,54.491189427312776,2.0,2.0243386243386245,4,1,1,0,0,0,1,1,2745.0,50.8,,,,,,,3267.6,61.286016030110034
2024-01-08,945,2484.0,47.8,51.96652719665272,0,55.687568756875685,2.0,2.06031746031746,0,1,1,0,0,1,0,2,2416.0,49.8,,,,,,,3137.0,59.732767891200474
2024-01-09,945,2466.0,47.8,51.58995815899582,0,54.08901098901099,2.0,2.0084656084656083,1,1,1,0,0,0,0,2,2484.0,47.8,,,,,,,3041.1428571428573,58.569509358028384
2024-01-10,945,2824.0,46.8,60.34188034188035,0,55.378437843784376,2.0,2.033862433862434,2,1,1,0,0,0,0,2,2466.0,47.8,2858.0,55.8,,,,,3036.285714285714,59.87282969360678
2024-01-11,945,3043.0,45.8,66.4410480349345,0,53.30573951434879,2.0,1.9936507936507937,3,1,1,0,0,0,0,2,2824.0,46.8,4139.0,55.0,,,,,2879.714285714286,58.613758633662364
2024-01-12,945,2387.0,50.6,47.17391304347826,0,54.213656387665196,2.0,1.9767195767195767,4,1,1,0,0,0,1,2,3043.0,45.8,4180.0,54.0,,,,,2623.5714285714284,54.29468801024392
2024-01-15,945,2245.0,52.0,43.17307692307692,0,53.65642151481888,2.0,2.001058201058201,0,1,1,0,0,1,0,3,2387.0,50.6,2745.0,50.8,,,,,2552.1428571428573,52.74292284627402
2024-01-16,945,3420.0,53.0,64.52830188679245,0,54.30372807017544,2.0,2.0444444444444443,1,1,1,0,0,0,0,3,2245.0,52.0,2416.0,49.8,,,,,2695.5714285714284,55.030672226544425
2024-01-17,945,2811.0,49.8,56.445783132530124,0,53.90979097909791,2.0,1.9841269841269842,2,1,1,0,0,0,0,3,3420.0,53.0,2484.0,47.8,,,,,2742.285714285714,55.67056593166977
2024-01-18,945,2676.0,49.8,53.734939759036145,0,53.13846153846154,2.0,1.9798941798941798,3,1,1,0,0,0,0,3,2811.0,49.8,2466.0,47.8,,,,,2772.285714285714,55.97699187453268
2024-01-19,945,2601.0,49.0,53.08163265306123,0,52.7199124726477,2.0,1.9862433862433861,4,1,1,0,0,0,1,3,2676.0,49.8,2824.0,46.8,2858.0,55.8,,,2740.4285714285716,54.939813633272806
2024-01-22,945,3808.0,46.8,81.36752136752138,0,52.459016393442624,2.0,2.001058201058201,0,1,1,0,0,1,0,4,2601.0,49.0,3043.0,45.8,4139.0,55.0,,,2849.714285714286,57.072166966499495
2024-01-23,945,2958.0,49.8,59.397590361445786,0,53.15469613259668,2.0,1.9735449735449735,1,1,1,0,0,0,0,4,3808.0,46.8,2387.0,50.6,4180.0,54.0,,,2931.285714285714,58.818406583352
2024-01-24,945,3309.0,50.8,65.13779527559055,0,58.15038419319429,2.0,2.0613756613756613,2,1,1,0,0,0,0,4,2958.0,49.8,2245.0,52.0,2745.0,50.8,,,3083.285714285714,61.95622349085396
2024-01-25,1178,4494.0,48.8,92.09016393442623,0,55.02814423922603,2.0,2.0415959252971136,3,1,1,1,0,0,0,4,3309.0,50.8,3420.0,53.0,2416.0,49.8,,,3236.714285714286,65.89363235480162
2024-01-26,1178,2957.0,40.8,72.47549019607844,0,56.533158813263526,2.0,2.0534804753820035,4,1,1,1,0,0,1,4,4494.0,48.8,2811.0,49.8,2484.0,47.8,,,3257.5714285714284,68.1835905067371
2024-01-29,1178,3943.0,48.8,80.79918032786885,0,55.355828220858896,2.0,2.0543293718166384,0,1,1,1,0,1,0,5,2957.0,40.8,2676.0,49.8,2466.0,47.8,,,3438.5714285714284,72.04991058799892
2024-01-30,1178,4307.0,51.6,83.46899224806201,0,53.72719298245614,2.0,2.0297113752122242,1,1,1,1,0,0,0,5,3943.0,48.8,2601.0,49.0,2824.0,46.8,,,3682.285714285714,76.39096195871332
2024-01-31,1178,2837.0,50.6,56.06719367588933,0,54.118689105403014,2.0,2.0432937181663835,2,1,1,1,0,0,0,5,4307.0,51.6,3808.0,46.8,3043.0,45.8,,,3543.5714285714284,72.77662943133731
2024-02-01,1116,2941.0,51.6,56.99612403100775,0,53.20037453183521,2.0,1.996415770609319,3,2,1,0,0,0,0,1,2837.0,50.6,2958.0,49.8,2387.0,50.6,,,3541.1428571428573,72.4335628127033
2024-02-02,1116,3356.0,52.6,63.80228136882129,0,55.186024551463646,2.0,2.0080645161290325,4,2,1,0,0,0,1,1,2941.0,51.6,3309.0,50.8,2245.0,52.0,,,3547.8571428571427,72.24277511173628
2024-02-05,1116,3166.0,49.8,63.574297188755025,0,53.40433553251649,2.0,2.017921146953405,0,2,1,0,0,1,0,1,3356.0,52.6,4494.0,48.8,3420.0,53.0,,,3358.1428571428573,68.16907986235468
2024-02-06,1116,3385.0,48.8,69.36475409836066,0,53.54119850187266,2.0,1.9919354838709677,1,2,1,0,0,0,0,1,3166.0,49.8,2957.0,40.8,2811.0,49.8,,,3419.285714285714,67.72468899125214
2024-02-07,1116,2908.0,48.8,59.590163934426236,0,53.78912839737582,2.0,1.9767025089605734,2,2,1,0,0,0,0,1,3385.0,48.8,3943.0,48.8,2676.0,49.8,,,3271.4285714285716,64.69482950647462
2024-02-08,1116,2696.0,50.8,53.07086614173229,0,50.45735707591378,2.0,1.9901433691756272,3,2,1,0,0,0,0,2,2908.0,48.8,4307.0,51.6,2601.0,49.0,,,3041.285714285714,60.35224006271323
2024-02-09,1116,2423.0,50.8,47.69685039370079,0,53.21067415730337,2.0,1.9802867383512546,4,2,1,0,0,0,1,2,2696.0,50.8,2837.0,50.6,3808.0,46.8,,,2982.1428571428573,59.156476736686294
2024-02-12,1116,3322.0,48.8,68.07377049180329,0,53.182330827067666,2.0,1.9534050179211468,0,2,1,0,0,1,0,2,2423.0,50.8,2941.0,51.6,2958.0,49.8,2858.0,55.8,3036.5714285714284,60.73899765965708
2024-02-13,1116,2935.0,47.8,61.40167364016737,0,53.64847363552266,2.0,2.014336917562724,1,2,1,0,0,0,0,2,3322.0,48.8,3356.0,52.6,3309.0,50.8,4139.0,55.0,2976.4285714285716,60.39605369842081
2024-02-14,1116,3431.0,49.8,68.89558232931728,0,52.905783582089555,2.0,1.9919354838709677,2,2,1,0,0,0,0,2,2935.0,47.8,3166.0,49.8,4494.0,48.8,4180.0,54.0,3014.285714285714,61.1562372899297
2024-02-15,1116,3771.0,50.8,74.23228346456693,0,54.00279069767442,2.0,1.9982078853046594,3,2,1,0,0,0,0,3,3431.0,49.8,3385.0,48.8,2957.0,40.8,2745.0,50.8,3069.4285714285716,61.85159862795916
2024-02-16,1116,5246.0,50.8,103.26771653543308,1,55.773708920187794,2.0,2.014336917562724,4,2,1,0,0,0,1,3,3771.0,50.8,2908.0,48.8,3943.0,48.8,2416.0,49.8,3403.4285714285716,68.09124899953157
2024-02-19,1134,2690.0,54.8,49.087591240875916,0,55.52660550458715,2.0,2.0414462081128746,0,2,1,0,0,1,0,3,5246.0,50.8,2696.0,50.8,4307.0,51.6,2484.0,47.8,3402.5714285714284,67.52220972798067
2024-02-20,1134,3852.0,55.8,69.03225806451613,0,55.312900274473925,2.0,2.0141093474426808,1,2,1,0,0,0,0,3,2690.0,54.8,2423.0,50.8,2837.0,50.6,2466.0,47.8,3606.714285714286,70.5701251095257
2024-02-21,1134,3242.0,52.8,61.401515151515156,0,53.61609620721554,2.0,1.9797178130511464,2,2,1,0,0,0,0,3,3852.0,55.8,3322.0,48.8,2941.0,51.6,2824.0,46.8,3595.285714285714,69.61694577519883
2024-02-22,1134,4845.0,53.8,90.0557620817844,0,55.1204044117647,2.0,1.9964726631393297,3,2,1,0,0,0,0,4,3242.0,52.8,2935.0,47.8,3356.0,52.6,3043.0,45.8,3868.1428571428573,73.71038698114413
2024-02-23,1134,3682.0,49.8,73.93574297188755,0,55.7099725526075,2.0,2.0388007054673722,4,2,1,0,0,0,1,4,4845.0,53.8,3431.0,49.8,3166.0,49.8,2387.0,50.6,3904.0,74.43040993008273
2024-02-26,1449,4251.0,48.8,87.11065573770492,0,55.25574712643678,2.0,2.05175983436853,0,2,1,1,0,1,0,4,3682.0,49.8,3771.0,50.8,3385.0,48.8,2245.0,52.0,3972.5714285714284,76.27017739767386
2024-02-27,1449,3938.0,45.8,85.98253275109171,0,53.06361686919228,2.0,2.0531400966183573,1,2,1,1,0,0,0,4,4251.0,48.8,5246.0,50.8,2908.0,48.8,3420.0,53.0,3785.714285714286,73.80086542848225
2024-02-28,1449,5243.0,48.6,107.88065843621399,1,55.52102637205987,2.0,2.05175983436853,2,2,1,1,0,0,0,4,3938.0,45.8,2690.0,54.8,2696.0,50.8,2811.0,49.8,4150.428571428572,82.19987502781626
2024-02-29,1449,5357.0,50.8,105.45275590551182,1,56.765086206896555,2.0,2.089026915113872,3,2,1,1,0,0,0,5,5243.0,48.6,3852.0,55.8,2423.0,50.8,2676.0,49.8,4365.428571428572,87.40280329081565
2024-03-01,1575,5141.0,50.8,101.20078740157481,1,56.322045152722445,2.0,2.069206349206349,4,3,1,0,1,0,1,1,5357.0,50.8,3242.0,52.8,3322.0,48.8,2601.0,49.0,4636.714285714285,93.08841361225275
2024-03-04,1575,5691.0,54.8,103.85036496350365,1,56.168089297439266,2.0,2.071111111111111,0,3,1,0,1,1,0,1,5141.0,50.8,4845.0,53.8,2935.0,47.8,3808.0,46.8,4757.571428571428,95.05907116678407
2024-03-05,1575,4734.0,53.8,87.99256505576209,0,55.36021150033047,2.0,2.081269841269841,1,3,1,0,1,0,0,1,5691.0,54.8,3682.0,49.8,3431.0,49.8,2958.0,49.8,4907.857142857143,97.06718860733757
2024-03-06,1575,5492.0,53.8,102.0817843866171,1,56.64644487932159,2.0,2.1041269841269843,2,3,1,0,1,0,0,1,4734.0,53.8,4251.0,48.8,3771.0,50.8,3309.0,50.8,5085.142857142857,99.20592127146789
2024-03-07,1575,4239.0,54.8,77.35401459854015,0,55.75081967213115,2.0,2.0628571428571427,3,3,1,0,1,0,0,1,5492.0,53.8,3938.0,45.8,5246.0,50.8,4494.0,48.8,5128.142857142857,97.97327582110337
2024-03-08,1575,5056.0,52.8,95.75757575757576,0,55.36441798941799,2.0,2.1085714285714285,4,3,1,0,1,0,1,2,4239.0,54.8,5243.0,48.6,2690.0,54.8,2957.0,40.8,5101.428571428572,96.24140686701219
2024-03-11,1575,5979.0,50.8,117.6968503937008,1,55.76943346508564,2.0,2.057777777777778,0,3,1,0,1,1,0,2,5056.0,52.8,5357.0,50.8,3852.0,55.8,3943.0,48.8,5190.285714285715,97.99056322246777
2024-03-12,1575,4638.0,47.8,97.02928870292888,0,57.107519788918204,2.0,2.09015873015873,1,3,1,0,1,0,0,2,5979.0,50.8,5141.0,50.8,3242.0,52.8,4307.0,51.6,5118.428571428572,97.39463483694692
2024-03-13,1575,4815.0,50.8,94.78346456692914,0,56.37163493105712,2.0,2.0876190476190475,2,3,1,0,1,0,0,2,4638.0,47.8,5691.0,54.8,4845.0,53.8,2837.0,50.6,4993.285714285715,96.09936335172199
2024-03-14,1575,4721.0,50.8,92.93307086614173,0,56.48082010582011,2.0,2.1053968253968254,3,3,1,0,1,0,0,2,4815.0,50.8,4734.0,53.8,3682.0,49.8,2941.0,51.6,4991.428571428572,96.80514989606195
2024-03-15,1550,5914.0,49.8,118.75502008032129,1,57.166779203241056,2.0,2.067741935483871,4,3,1,0,1,0,1,3,4721.0,50.8,5492.0,53.8,4251.0,48.8,3356.0,52.6,5051.714285714285,99.18704070944825
2024-03-18,1550,5654.0,44.8,126.20535714285715,1,56.11512717536814,2.0,2.099354838709677,0,3,1,0,1,1,0,3,5914.0,49.8,4239.0,54.8,3938.0,45.8,3166.0,49.8,5253.857142857143,106.16580393006497
2024-03-19,1550,4097.0,46.8,87.54273504273505,0,53.87088096839274,2.0,2.049677419354839,1,3,1,0,1,0,0,3,5654.0,44.8,5056.0,52.8,5243.0,48.6,3385.0,48.8,5116.857142857143,104.99225525651629
2024-03-20,1550,3709.0,48.8,76.00409836065575,0,55.60455764075067,2.0,2.089032258064516,2,3,1,0,1,0,0,3,4097.0,46.8,5979.0,50.8,5357.0,50.8,2908.0,48.8,4792.571428571428,99.03614782322414
2024-03-21,1550,3883.0,48.8,79.56967213114754,0,55.635935397039034,2.0,2.081290322580645,3,3,1,0,1,0,0,3,3709.0,48.8,4638.0,47.8,5141.0,50.8,2696.0,50.8,4684.714285714285,96.54191688439823
2024-03-22,1550,3745.0,50.8,73.72047244094489,0,54.95838926174497,2.0,2.074193548387097,4,3,1,0,1,0,1,4,3883.0,48.8,4815.0,50.8,5691.0,54.8,2423.0,50.8,4531.857142857143,93.53291800925763
2024-03-25,1922,6782.0,46.8,144.91452991452994,1,57.3275204359673,3.0,2.1337148803329864,0,3,1,1,1,1,0,4,3745.0,50.8,4721.0,50.8,4734.0,53.8,3322.0,48.8,4826.285714285715,100.95884073045595
2024-03-26,1922,6065.0,42.8,141.70560747663552,1,56.576151761517615,3.0,2.0988553590010404,1,3,1,1,1,0,0,4,6782.0,46.8,5914.0,49.8,5492.0,53.8,2935.0,47.8,4847.857142857143,104.23749607278657
2024-03-27,1922,6391.0,46.8,136.55982905982907,1,57.449401523395,3.0,2.111862643080125,2,3,1,1,1,0,0,4,6065.0,42.8,5654.0,44.8,4239.0,54.8,3431.0,49.8,4953.142857142857,105.71670634663967
2024-03-28,1922,6739.0,41.8,161.2200956937799,1,55.338403041825096,3.0,2.0733610822060355,3,3,1,1,1,0,0,4,6391.0,46.8,4097.0,46.8,5056.0,52.8,3771.0,50.8,5330.571428571428,116.24204358250324
2024-03-29,1953,5652.0,46.8,120.76923076923077,1,56.1004810261892,3.0,2.1254480286738353,4,3,1,1,1,0,1,5,6739.0,41.8,3709.0,48.8,5979.0,50.8,5246.0,50.8,5608.142857142857,122.63706249801395
2024-04-01,1024,2051.0,54.8,37.42700729927007,0,55.54638124362895,2.0,2.033203125,0,4,2,0,0,1,0,1,5652.0,46.8,3883.0,48.8,4638.0,47.8,2690.0,54.8,5346.428571428572,116.61668180774575
2024-04-02,1024,2738.0,55.8,49.06810035842294,0,54.72690355329949,2.0,2.005859375,1,4,2,0,0,0,0,1,2051.0,54.8,3745.0,50.8,4815.0,50.8,3852.0,55.8,5202.571428571428,113.09491436738547
2024-04-03,1024,3195.0,53.8,59.38661710037175,0,53.1640866873065,2.0,1.998046875,2,4,2,0,0,0,0,1,2738.0,55.8,6782.0,46.8,4721.0,50.8,3242.0,52.8,4690.142857142857,100.87664110822001
2024-04-04,1008,3342.0,53.8,62.118959107806695,0,52.8879753340185,2.0,1.9781746031746033,3,4,2,0,0,0,0,1,3195.0,53.8,6065.0,42.8,5914.0,49.8,4845.0,53.8,4301.142857142857,89.50711991267303
2024-04-05,1008,4561.0,53.8,84.77695167286245,0,54.322713257965056,2.0,2.0238095238095237,4,4,2,0,0,0,1,1,3342.0,53.8,6391.0,46.8,5654.0,44.8,3682.0,49.8,4039.714285714286,82.10956600024922
2024-04-08,1008,3394.0,54.8,61.93430656934307,0,53.2340206185567,2.0,1.9930555555555556,0,4,2,0,0,1,0,2,4561.0,53.8,6739.0,41.8,4097.0,46.8,4251.0,48.8,3561.8571428571427,67.92588183961539
2024-04-09,1008,3881.0,53.8,72.1375464684015,0,55.912155260469866,2.0,2.0188492063492065,1,4,2,0,0,0,0,2,3394.0,54.8,5652.0,46.8,3709.0,48.8,3938.0,45.8,3308.8571428571427,60.97849836806836
2024-04-10,1008,3059.0,50.8,60.21653543307087,0,52.34670781893004,2.0,2.003968253968254,2,4,2,0,0,0,0,2,3881.0,53.8,2051.0,54.8,3883.0,48.8,5243.0,48.6,3452.8571428571427,64.23414524432562
2024-04-11,1008,2835.0,49.8,56.9277108433735,0,53.554759467758444,2.0,1.9950396825396826,3,4,2,0,0,0,0,2,3059.0,50.8,2738.0,55.8,3745.0,50.8,5357.0,50.8,3466.714285714286,65.35694674217568
2024-04-12,992,3578.0,48.8,73.31967213114754,0,53.603813559322035,2.0,1.9949596774193548,4,4,2,0,0,0,1,2,2835.0,49.8,3195.0,53.8,6782.0,46.8,5141.0,50.8,3521.4285714285716,67.34738317514366
2024-04-15,992,3496.0,51.8,67.49034749034749,0,54.51546391752577,2.0,2.0090725806451615,0,4,2,0,0,1,0,3,3578.0,48.8,3342.0,53.8,6065.0,42.8,5691.0,54.8,3543.4285714285716,68.11472437264948
2024-04-16,992,2569.0,50.8,50.57086614173229,0,50.675052410901465,2.0,2.0231854838709675,1,4,2,0,0,0,0,3,3496.0,51.8,4561.0,53.8,6391.0,46.8,4734.0,53.8,3258.8571428571427,63.22814072534518
2024-04-17,992,3333.0,52.8,63.125,0,54.82432432432432,2.0,2.033266129032258,2,4,2,0,0,0,0,3,2569.0,50.8,3394.0,54.8,6739.0,41.8,5492.0,53.8,3250.1428571428573,63.3982397868676
2024-04-18,992,3700.0,52.8,70.07575757575758,0,52.02944269190326,2.0,1.9818548387096775,3,4,2,0,0,0,0,3,3333.0,52.8,3881.0,53.8,5652.0,46.8,4239.0,54.8,3224.285714285714,63.10369851648989
2024-04-19,992,2464.0,51.8,47.56756756756757,0,54.23529411764706,2.0,2.0463709677419355,4,4,2,0,0,0,1,3,3700.0,52.8,3059.0,50.8,2051.0,54.8,5056.0,52.8,3139.285714285714,61.296703107132274
2024-04-22,992,2955.0,52.8,55.96590909090909,0,54.22584033613445,2.0,2.0806451612903225,0,4,2,0,0,1,0,4,2464.0,51.8,2835.0,49.8,2738.0,55.8,5979.0,50.8,3156.4285714285716,61.15930285678022
2024-04-23,992,3643.0,54.8,66.47810218978103,0,52.81083953241233,2.0,1.9868951612903225,1,4,2,0,0,0,0,4,2955.0,52.8,3578.0,48.8,3195.0,53.8,4638.0,47.8,3165.714285714286,60.181935722299286
2024-04-24,992,2670.0,51.8,51.544401544401545,0,49.03541666666667,2.0,1.9304435483870968,2,4,2,0,0,0,0,4,3643.0,54.8,3496.0,51.8,3342.0,53.8,4815.0,50.8,3047.714285714286,57.90394344430701
2024-04-25,1240,3971.0,49.8,79.73895582329318,0,54.53826745164003,2.0,2.0516129032258066,3,4,2,1,0,0,0,4,2670.0,51.8,2569.0,50.8,4561.0,53.8,4721.0,50.8,3248.0,62.07081339881571
2024-04-26,1240,3743.0,47.8,78.30543933054393,0,52.9457429048414,2.0,2.041935483870968,4,4,2,1,0,0,1,4,3971.0,49.8,3333.0,52.8,3394.0,54.8,5914.0,49.8,3306.5714285714284,64.23944758889341
2024-04-29,1240,3552.0,47.8,74.30962343096235,0,56.11996644295302,2.0,2.082258064516129,0,4,2,1,0,1,0,5,3743.0,47.8,3700.0,52.8,3881.0,53.8,5654.0,44.8,3285.4285714285716,64.84428556820839
2024-04-30,1240,3713.0,51.8,71.67953667953668,0,52.83445378151261,2.0,2.0330645161290324,1,4,2,1,0,0,0,5,3552.0,47.8,2464.0,51.8,3059.0,50.8,4097.0,46.8,3463.8571428571427,68.28885258420398
2024-05-01,1116,3001.0,52.8,56.83712121212122,0,53.1296992481203,2.0,1.9865591397849462,2,5,2,0,0,0,0,1,3713.0,51.8,2955.0,52.8,2835.0,49.8,3709.0,48.8,3470.4285714285716,68.41331145866285
2024-05-02,1116,4932.0,54.8,90.0,0,52.561682242990656,2.0,1.9767025089605734,3,5,2,0,0,0,0,1,3001.0,52.8,3643.0,54.8,3578.0,48.8,3883.0,48.8,3654.5714285714284,71.77358257440842
2024-05-03,1116,2947.0,54.8,53.777372262773724,0,51.983333333333334,2.0,1.9543010752688172,4,5,2,0,0,0,1,1,4932.0,54.8,2670.0,51.8,3496.0,51.8,3745.0,50.8,3694.1428571428573,72.09257839131872
2024-05-06,1116,3839.0,52.8,72.70833333333334,0,52.058106841611995,2.0,1.9704301075268817,0,5,2,0,0,1,0,1,2947.0,54.8,3971.0,49.8,2569.0,50.8,6782.0,46.8,3675.285714285714,71.0882037498959
2024-05-07,1116,2626.0,51.8,50.6949806949807,0,53.850746268656714,2.0,2.025089605734767,1,5,2,0,0,0,0,1,3839.0,52.8,3743.0,47.8,3333.0,52.8,6065.0,42.8,3515.714285714286,67.143852516244
2024-05-08,1116,3628.0,51.8,70.03861003861005,0,53.19514472455649,2.0,2.0017921146953404,2,5,2,0,0,0,0,2,2626.0,51.8,3552.0,47.8,3700.0,52.8,6391.0,46.8,3526.5714285714284,66.53370774590796
2024-05-09,1116,2982.0,53.8,55.4275092936803,0,54.94687791239515,2.0,2.0125448028673834,3,5,2,0,0,0,0,2,3628.0,51.8,3713.0,51.8,2464.0,51.8,6739.0,41.8,3422.1428571428573,64.21198954792848
2024-05-10,1116,4540.0,51.8,87.64478764478766,0,52.27647610121837,2.0,1.9632616487455197,4,5,2,0,0,0,1,2,2982.0,53.8,3001.0,52.8,2955.0,52.8,5652.0,46.8,3642.0,68.61308475259511
2024-05-13,1134,4933.0,47.8,103.2008368200837,1,49.84580291970803,2.0,1.9797178130511464,0,5,2,0,0,1,0,2,4540.0,51.8,4932.0,54.8,3643.0,54.8,2051.0,54.8,3642.1428571428573,70.49891858403564
2024-05-14,1134,2748.0,50.8,54.09448818897638,0,51.6626617375231,2.0,2.009700176366843,1,5,2,0,0,0,0,2,4933.0,47.8,2947.0,54.8,2670.0,51.8,2738.0,55.8,3613.714285714286,70.54422085920744
2024-05-15,1134,3193.0,52.8,60.47348484848485,0,53.784671532846716,2.0,1.9735449735449735,2,5,2,0,0,0,0,3,2748.0,50.8,3839.0,52.8,3971.0,49.8,3195.0,53.8,3521.4285714285716,68.79638536137195
2024-05-16,1134,3450.0,51.8,66.6023166023166,0,53.528058877644895,2.0,2.0141093474426808,3,5,2,0,0,0,0,3,3193.0,52.8,2626.0,51.8,3743.0,47.8,3342.0,53.8,3639.1428571428573,71.06886191956279
2024-05-17,1134,4214.0,54.8,76.89781021897811,0,53.00460405156538,2.0,1.9797178130511464,4,5,2,0,0,0,1,3,3450.0,51.8,3628.0,51.8,3552.0,47.8,4561.0,53.8,3722.8571428571427,72.04874765961537
2024-05-20,1197,3036.0,51.8,58.610038610038615,0,52.94158674803836,2.0,2.0041771094402674,0,5,2,0,0,1,0,3,4214.0,54.8,2982.0,53.8,3713.0,51.8,3394.0,54.8,3730.5714285714284,72.50339470480942
2024-05-21,1197,4198.0,52.8,79.50757575757576,0,54.965819456617005,2.0,1.9958228905597326,1,5,2,0,0,0,0,3,3036.0,51.8,4540.0,51.8,3001.0,52.8,3881.0,53.8,3681.714285714286,71.34093586377914
2024-05-22,1197,3750.0,50.8,73.81889763779527,0,53.59532062391681,2.0,2.0025062656641603,2,5,2,0,0,0,0,4,4198.0,52.8,4933.0,47.8,4932.0,54.8,3059.0,50.8,3512.714285714286,67.14351598059508
2024-05-23,1197,4067.0,49.8,81.66666666666667,0,53.42206654991244,2.0,2.0050125313283207,3,5,2,0,0,0,0,4,3750.0,50.8,2748.0,50.8,2947.0,54.8,2835.0,49.8,3701.1428571428573,71.08239862026514
2024-05-24,1197,3893.0,46.8,83.1837606837607,0,52.944347826086954,2.0,1.95906432748538,4,5,2,0,0,0,1,4,4067.0,49.8,3193.0,52.8,3839.0,52.8,3578.0,48.8,3801.1428571428573,74.32672373959024
2024-05-27,1449,6089.0,48.8,124.77459016393443,1,54.998568360773085,2.0,2.0524499654934436,0,5,2,1,0,1,0,4,3893.0,46.8,3450.0,51.8,2626.0,51.8,3496.0,51.8,4178.142857142857,82.63704853410708
2024-05-28,1449,3935.0,45.0,87.44444444444444,0,54.16582552271089,2.0,2.0641821946169774,1,5,2,1,0,0,0,4,6089.0,48.8,4214.0,54.8,3628.0,51.8,2569.0,50.8,4138.285714285715,84.14371056631656
2024-05-29,1449,4966.0,50.0,99.32,0,53.90823015294975,2.0,2.0220841959972393,2,5,2,1,0,0,0,5,3935.0,45.0,3036.0,51.8,2982.0,53.8,3333.0,52.8,4414.0,89.95941933631104
2024-05-30,1449,3814.0,53.0,71.9622641509434,0,54.12581344902386,2.0,2.0593512767425812,3,5,2,1,0,0,0,5,4966.0,50.0,4198.0,52.8,4540.0,51.8,3700.0,52.8,4359.142857142857,88.8815176782207
2024-05-31,1449,6232.0,54.0,115.4074074074074,1,55.11471861471861,2.0,2.0524499654934436,4,5,2,1,0,0,1,5,3814.0,53.0,3750.0,50.8,4933.0,47.8,2464.0,51.8,4713.714285714285,94.82273335959385
2024-06-03,1600,4310.0,55.8,77.24014336917563,0,56.6228013029316,2.0,2.11625,0,6,2,0,1,1,0,1,6232.0,54.0,4067.0,49.8,2748.0,50.8,2955.0,52.8,4748.428571428572,94.19037288852371
2024-06-04,1600,5470.0,58.8,93.02721088435375,0,54.63565387117762,2.0,2.044375,1,6,2,0,1,0,0,1,4310.0,55.8,3893.0,46.8,3193.0,52.8,3643.0,54.8,4973.714285714285,95.59658006003701
2024-06-05,1600,5040.0,55.8,90.3225806451613,0,56.34399477806789,2.0,2.1075,2,6,2,0,1,0,0,1,5470.0,58.8,6089.0,48.8,3450.0,51.8,2670.0,51.8,4823.857142857143,90.67486441449799
2024-06-06,1600,4856.0,52.8,91.96969696969697,0,55.05301047120419,2.0,2.084375,3,6,2,0,1,0,0,1,5040.0,55.8,3935.0,45.0,4214.0,54.8,3971.0,49.8,4955.428571428572,91.32132906096264
2024-06-07,1600,4013.0,54.8,73.22992700729927,0,54.31432274789371,2.0,2.065625,4,6,2,0,1,0,1,1,4856.0,52.8,4966.0,50.0,3036.0,51.8,3743.0,47.8,4819.285714285715,87.5941757762911
2024-06-10,1625,5292.0,50.0,105.84,1,56.077922077922075,2.0,2.0756923076923077,0,6,2,0,1,1,0,2,4013.0,54.8,3814.0,53.0,4198.0,52.8,3552.0,47.8,5030.428571428572,92.43385232615633
2024-06-11,1600,4316.0,49.0,88.08163265306122,0,55.43888166449935,2.0,2.0675,1,6,2,0,1,0,0,2,5292.0,50.0,6232.0,54.0,3750.0,50.8,3713.0,51.8,4756.714285714285,88.5301702183926
2024-06-12,1600,4768.0,49.0,97.3061224489796,0,56.80430528375734,2.0,2.096875,2,6,2,0,1,0,0,2,4316.0,49.0,4310.0,55.8,4067.0,49.8,3001.0,52.8,4822.142857142857,91.3967386583646
2024-06-13,1600,3514.0,50.0,70.28,0,55.015544041450774,2.0,2.079375,3,6,2,0,1,0,0,2,4768.0,49.0,5470.0,58.8,3893.0,46.8,4932.0,54.8,4542.714285714285,88.1471371034569
2024-06-14,1600,5002.0,51.0,98.07843137254902,0,55.3062015503876,2.0,2.06875,4,6,2,0,1,0,1,2,3514.0,50.0,5040.0,55.8,6089.0,48.8,2947.0,54.8,4537.285714285715,89.255115778798
2024-06-17,1575,4869.0,52.0,93.63461538461539,0,56.807412309728655,2.0,2.086984126984127,0,6,2,0,1,1,0,3,5002.0,51.0,4856.0,52.8,3935.0,45.0,3839.0,52.8,4539.142857142857,89.4929612666435
2024-06-18,1575,3827.0,51.0,75.03921568627452,0,55.76315789473684,2.0,2.1098412698412696,1,6,2,0,1,0,0,3,4869.0,52.0,4013.0,54.8,4966.0,50.0,2626.0,51.8,4512.571428571428,89.75143107792567
2024-06-19,1575,4189.0,53.0,79.0377358490566,0,54.226340172071474,2.0,2.0653968253968253,2,6,2,0,1,0,0,3,3827.0,51.0,5292.0,50.0,3814.0,53.0,3628.0,51.8,4355.0,85.92253619921948
2024-06-20,1575,4523.0,56.8,79.63028169014085,0,56.00131061598952,2.0,2.074920634920635,3,6,2,0,1,0,0,3,4189.0,53.0,4316.0,49.0,6232.0,54.0,2982.0,53.8,4384.571428571428,84.71520034737371
2024-06-21,1575,5204.0,55.8,93.26164874551972,0,55.54221635883905,2.0,2.10031746031746,4,6,2,0,1,0,1,3,4523.0,56.8,4768.0,49.0,4310.0,55.8,4540.0,51.8,4446.857142857143,84.13741838973658
2024-06-24,1575,5465.0,53.8,101.57992565055763,1,55.83984116479153,2.0,2.0806349206349206,0,6,2,0,1,1,0,4,5204.0,55.8,3514.0,50.0,5470.0,58.8,4933.0,47.8,4725.571428571428,88.60883633981625
2024-06-25,1953,6639.0,53.8,123.4014869888476,1,55.349333333333334,3.0,2.100358422939068,1,6,2,1,1,0,0,4,5465.0,53.8,5002.0,51.0,5040.0,55.8,2748.0,50.8,4959.428571428572,92.22641571357318
2024-06-26,1953,6449.0,54.8,117.68248175182482,1,55.660828025477706,3.0,2.1131592421915,2,6,2,1,1,0,0,4,6639.0,53.8,4869.0,52.0,4856.0,52.8,3193.0,52.8,5185.142857142857,95.66182519460311
2024-06-27,1953,5451.0,53.8,101.31970260223049,1,57.753184713375795,3.0,2.156169994879672,3,6,2,1,1,0,0,4,6449.0,54.8,3827.0,51.0,4013.0,54.8,3450.0,51.8,5417.142857142857,99.41618046831108
2024-06-28,1953,6007.0,51.8,115.96525096525097,1,58.07944176060118,3.0,2.134664618535586,4,6,2,1,1,0,1,4,5451.0,53.8,4189.0,53.0,5292.0,50.0,4214.0,54.8,5676.857142857143,104.69153977062459
2024-07-01,1008,3283.0,53.8,61.02230483271376,0,52.68410041841004,2.0,2.0228174603174605,0,7,3,0,0,1,0,1,6007.0,51.8,4523.0,56.8,4316.0,49.0,3036.0,51.8,5499.714285714285,102.03325736242071
2024-07-02,1008,2395.0,54.8,43.7043795620438,0,52.597122302158276,2.0,2.017857142857143,1,7,3,0,0,0,0,1,3283.0,53.8,5204.0,55.8,4768.0,49.0,4198.0,52.8,5098.428571428572,94.95364747906702
2024-07-03,1008,3432.0,53.8,63.791821561338296,0,52.23632610939112,2.0,2.0317460317460316,2,7,3,0,0,0,0,1,2395.0,54.8,5465.0,53.8,3514.0,50.0,3750.0,50.8,4808.0,89.55534689489282
2024-07-04,1008,2629.0,54.8,47.97445255474453,0,53.026205450733755,2.0,1.9771825396825398,3,7,3,0,0,0,0,1,3432.0,53.8,6639.0,53.8,5002.0,51.0,4067.0,49.8,4235.142857142857,78.78005626144953
2024-07-05,1008,4323.0,54.8,78.88686131386862,0,52.592213114754095,2.0,1.996031746031746,4,7,3,0,0,0,1,1,2629.0,54.8,6449.0,54.8,4869.0,52.0,3893.0,46.8,3931.4285714285716,73.23782477031293
2024-07-08,1008,4037.0,54.8,73.66788321167884,0,53.06528497409327,2.0,2.0208333333333335,0,7,3,0,0,1,0,2,4323.0,54.8,5451.0,53.8,3827.0,51.0,6089.0,48.8,3729.4285714285716,69.28756485737698
2024-07-09,1008,2563.0,54.8,46.77007299270073,0,56.283797729618165,2.0,2.054563492063492,1,7,3,0,0,0,0,2,4037.0,54.8,6007.0,51.8,4189.0,53.0,3935.0,45.0,3237.4285714285716,59.40253943272694
2024-07-10,1008,2806.0,53.8,52.15613382899628,0,51.05072463768116,2.0,1.996031746031746,2,7,3,0,0,0,0,2,2563.0,54.8,3283.0,53.8,4523.0,56.8,4966.0,50.0,3169.285714285714,58.13594357505302
2024-07-11,1008,3293.0,51.8,63.57142857142858,0,50.77685950413223,2.0,1.9632936507936507,3,7,3,0,0,0,0,2,2806.0,53.8,2395.0,54.8,5204.0,55.8,3814.0,53.0,3297.5714285714284,60.97409343353655
2024-07-12,1008,4344.0,51.8,83.86100386100387,0,51.87396694214876,2.0,1.996031746031746,4,7,3,0,0,0,1,2,3293.0,51.8,3432.0,53.8,5465.0,53.8,6232.0,54.0,3427.8571428571427,63.841119476345916
2024-07-15,1008,3247.0,52.8,61.496212121212125,0,53.308169596690796,2.0,2.0406746031746033,0,7,3,0,0,1,0,3,4344.0,51.8,2629.0,54.8,6639.0,53.8,4310.0,55.8,3516.1428571428573,65.77279941441272
2024-07-16,1008,3261.0,52.8,61.76136363636364,0,53.634375,2.0,2.0188492063492065,1,7,3,0,0,0,0,3,3247.0,52.8,4323.0,54.8,6449.0,54.8,5470.0,58.8,3364.4285714285716,63.326299746197726
2024-07-17,1008,3609.0,53.8,67.0817843866171,0,53.71413934426229,2.0,1.9910714285714286,2,7,3,0,0,0,0,3,3261.0,52.8,4037.0,54.8,5451.0,53.8,5040.0,55.8,3303.285714285714,62.38542848547461
2024-07-18,1008,2628.0,51.8,50.73359073359074,0,51.22684703433923,2.0,1.9603174603174602,3,7,3,0,0,0,0,3,3609.0,53.8,2563.0,54.8,6007.0,51.8,4856.0,52.8,3312.5714285714284,62.95164530560176
2024-07-19,1008,2835.0,54.8,51.73357664233577,0,53.86680327868852,2.0,2.0347222222222223,4,7,3,0,0,0,1,3,2628.0,51.8,2806.0,53.8,3283.0,53.8,4013.0,54.8,3316.714285714286,62.89127999322169
2024-07-22,1008,3041.0,50.8,59.86220472440945,0,52.26358974358974,2.0,1.992063492063492,0,7,3,0,0,1,0,4,2835.0,54.8,3293.0,51.8,2395.0,54.8,5292.0,50.0,3280.714285714286,62.36139087221896
2024-07-23,1008,4579.0,51.8,88.39768339768341,0,52.8976215098242,2.0,2.0257936507936507,1,7,3,0,0,0,0,4,3041.0,50.8,4344.0,51.8,3432.0,53.8,4316.0,49.0,3314.285714285714,63.00948794888747
2024-07-24,1008,2382.0,45.8,52.00873362445415,0,54.26915113871635,2.0,2.0109126984126986,2,7,3,0,0,0,0,4,4579.0,51.8,3247.0,52.8,2629.0,54.8,4768.0,49.0,3190.714285714286,61.65413387792204
2024-07-25,1260,5110.0,47.8,106.90376569037657,1,54.53674649050372,2.0,2.062698412698413,3,7,3,1,0,0,0,4,2382.0,45.8,3261.0,52.8,4323.0,54.8,3514.0,50.0,3454.8571428571427,68.10304845706675
2024-07-26,1260,4047.0,46.0,87.97826086956522,0,52.67003367003367,2.0,2.0388888888888888,4,7,3,1,0,0,1,4,5110.0,47.8,3609.0,53.8,4037.0,54.8,5002.0,51.0,3517.4285714285716,71.08825938320219
2024-07-29,1260,4694.0,53.0,88.56603773584905,0,54.86924342105263,2.0,2.06984126984127,0,7,3,1,0,1,0,5,4047.0,46.0,2628.0,51.8,2563.0,54.8,4869.0,52.0,3812.5714285714284,76.49289466923908
2024-07-30,1260,4461.0,52.0,85.78846153846153,0,53.80377668308703,2.0,2.0682539682539685,1,7,3,1,0,0,0,5,4694.0,53.0,2835.0,54.8,2806.0,53.8,3827.0,51.0,4044.8571428571427,81.35787822582849
2024-07-31,1260,4311.0,54.0,79.83333333333333,0,51.47489711934156,2.0,2.03015873015873,2,7,3,1,0,0,0,5,4461.0,52.0,3041.0,50.8,3293.0,51.8,4189.0,53.0,4226.285714285715,84.21089659853189
2024-08-01,945,4077.0,53.8,75.78066914498142,0,52.899453551912565,2.0,2.0126984126984127,3,8,3,0,0,0,0,1,4311.0,54.0,4579.0,51.8,4344.0,51.8,4523.0,56.8,4154.571428571428,82.40846599100304
2024-08-02,945,2817.0,54.8,51.4051094890511,0,54.60022148394241,2.0,2.013756613756614,4,8,3,0,0,0,1,1,4077.0,53.8,2382.0,45.8,3247.0,52.8,5204.0,55.8,4216.714285714285,82.32223397165974
2024-08-05,945,2802.0,55.8,50.215053763440864,0,51.20792079207921,2.0,1.9714285714285715,0,8,3,0,0,1,0,1,2817.0,54.8,5110.0,47.8,3261.0,52.8,5465.0,53.8,3887.0,74.22384655352607
2024-08-06,945,2540.0,53.8,47.21189591078067,0,52.246119733924616,2.0,1.9703703703703703,1,8,3,0,0,0,0,1,2802.0,55.8,4047.0,46.0,3609.0,53.8,6639.0,53.8,3671.714285714286,68.40008013084257
2024-08-07,930,3788.0,49.8,76.06425702811245,0,54.29756637168141,2.0,2.0268817204301075,2,8,3,0,0,0,0,1,2540.0,53.8,4694.0,53.0,2628.0,51.8,6449.0,54.8,3542.285714285714,66.61411145830877
2024-08-08,930,2817.0,53.8,52.360594795539036,0,51.951219512195124,2.0,2.0387096774193547,3,8,3,0,0,0,0,2,3788.0,49.8,4461.0,52.0,2835.0,54.8,5451.0,53.8,3307.4285714285716,61.83870192360555
2024-08-09,930,2650.0,53.8,49.256505576208184,0,52.87695749440716,2.0,2.024731182795699,4,8,3,0,0,0,1,2,2817.0,53.8,4311.0,54.0,3041.0,50.8,6007.0,51.8,3070.1428571428573,57.47058367258767
2024-08-12,930,3028.0,52.8,57.34848484848485,0,51.44081172491545,2.0,1.9989247311827958,0,8,3,0,0,1,0,2,2650.0,53.8,4077.0,53.8,4579.0,51.8,3283.0,53.8,2920.285714285714,54.837414487373884
2024-08-13,930,2439.0,52.8,46.19318181818182,0,53.245810055865924,2.0,2.0086021505376346,1,8,3,0,0,0,0,2,3028.0,52.8,2817.0,54.8,2382.0,45.8,2395.0,54.8,2866.285714285714,54.092853391535414
2024-08-14,930,3373.0,52.8,63.88257575757576,0,51.7536231884058,2.0,1.9806451612903226,2,8,3,0,0,0,0,2,2439.0,52.8,2802.0,55.8,5110.0,47.8,3432.0,53.8,2947.8571428571427,56.04535653355468
2024-08-15,930,2501.0,53.8,46.486988847583646,0,52.25975473801561,2.0,2.0021505376344084,3,8,3,0,0,0,0,3,3373.0,52.8,2540.0,53.8,4047.0,46.0,2629.0,54.8,2942.285714285714,55.94179838166939
2024-08-16,930,2419.0,55.8,43.35125448028674,0,54.66407982261641,2.0,1.9956989247311827,4,8,3,0,0,0,1,3,2501.0,53.8,3788.0,49.8,4694.0,53.0,4323.0,54.8,2746.714285714286,51.26851230340857
2024-08-19,945,4619.0,58.8,78.55442176870748,0,53.68246968026461,2.0,2.0211640211640214,0,8,3,0,0,1,0,3,2419.0,55.8,2817.0,53.8,4461.0,52.0,4037.0,54.8,3004.1428571428573,55.01048758528979
2024-08-20,945,3368.0,58.8,57.27891156462585,0,52.7691466083151,2.0,1.9777777777777779,1,8,3,0,0,0,0,3,4619.0,58.8,2650.0,53.8,4311.0,54.0,2563.0,54.8,3106.714285714286,56.15654558363517
2024-08-21,945,2263.0,56.0,40.410714285714285,0,51.288693743139405,2.0,2.0042328042328044,2,8,3,0,0,0,0,3,3368.0,58.8,3028.0,52.8,4077.0,53.8,2806.0,53.8,2997.4285714285716,53.73686407466794
2024-08-22,945,2669.0,57.0,46.824561403508774,0,54.655701754385966,2.0,2.02010582010582,3,8,3,0,0,0,0,4,2263.0,56.0,2439.0,52.8,2817.0,54.8,3293.0,51.8,3030.285714285714,53.82706115828608
2024-08-23,945,2951.0,56.0,52.69642857142857,0,52.45685840707964,2.0,1.9682539682539681,4,8,3,0,0,0,1,4,2669.0,57.0,3373.0,52.8,2802.0,55.8,4344.0,51.8,2970.0,52.22904013169362
2024-08-26,1134,3419.0,46.8,73.05555555555556,0,56.30769230769231,2.0,2.0458553791887124,0,8,3,1,0,1,0,4,2951.0,56.0,2501.0,53.8,2540.0,53.8,3247.0,52.8,3101.1428571428573,56.0245496614039
2024-08-27,1134,3286.0,46.0,71.43478260869566,0,53.528284671532845,2.0,2.0246913580246915,1,8,3,1,0,0,0,4,3419.0,46.8,2419.0,55.8,3788.0,49.8,3261.0,52.8,3225.0,60.0364822511766
2024-08-28,1134,3275.0,45.8,71.50655021834062,0,55.02297794117647,2.0,2.0634920634920637,2,8,3,1,0,0,0,4,3286.0,46.0,4619.0,58.8,2817.0,53.8,3609.0,53.8,3033.0,59.029643458267046
2024-08-29,1134,2414.0,48.8,49.4672131147541,0,55.06307129798903,2.0,2.054673721340388,3,8,3,1,0,0,0,5,3275.0,45.8,3368.0,58.8,2650.0,53.8,2628.0,51.8,2896.714285714286,57.913686536856794
2024-08-30,1134,4114.0,50.8,80.98425196850394,0,53.68778696051423,2.0,2.0141093474426808,4,8,3,1,0,0,1,5,2414.0,48.8,2263.0,56.0,3028.0,52.8,2835.0,54.8,3161.1428571428573,63.70990620582675
2024-09-02,1638,5874.0,54.8,107.18978102189782,1,54.361163820366855,2.0,2.0586080586080584,0,9,3,0,1,1,0,1,4114.0,50.8,2669.0,57.0,2439.0,52.8,3041.0,50.8,3619.0,72.33350900845376
2024-09-03,1638,4693.0,54.8,85.63868613138686,0,55.12269548633185,2.0,2.0805860805860807,1,9,3,0,1,0,0,1,5874.0,54.8,2951.0,56.0,3373.0,52.8,4579.0,51.8,3867.8571428571427,77.03954580273351
2024-09-04,1638,4274.0,54.8,77.99270072992701,0,57.617834394904456,2.0,2.0995115995115996,2,9,3,0,1,0,0,1,4693.0,54.8,3419.0,46.8,2501.0,53.8,2382.0,45.8,3990.0,77.74485225621515
2024-09-05,1638,5049.0,54.8,92.13503649635037,0,55.464851171627615,2.0,2.076923076923077,3,9,3,0,1,0,0,1,4274.0,54.8,3286.0,46.0,2419.0,55.8,5110.0,47.8,4241.857142857143,80.70203138302296
2024-09-06,1638,4186.0,56.8,73.69718309859155,0,54.70543130990416,2.0,2.0549450549450547,4,9,3,0,1,0,1,1,5049.0,54.8,3275.0,45.8,4619.0,58.8,4047.0,46.0,4372.0,81.01497893734452
2024-09-09,1638,5091.0,52.8,96.42045454545455,0,57.7643352236925,2.0,2.0934065934065935,0,9,3,0,1,1,0,2,4186.0,56.8,2414.0,48.8,3368.0,58.8,4694.0,53.0,4754.428571428572,87.72258485601603
2024-09-10,1638,4434.0,51.8,85.5984555984556,0,55.708413615928066,2.0,2.073870573870574,1,9,3,0,1,0,0,2,5091.0,52.8,4114.0,50.8,2263.0,56.0,4461.0,52.0,4800.142857142857,88.38175680315196
2024-09-11,1638,4124.0,49.8,82.81124497991968,0,54.828680203045685,2.0,2.086691086691087,2,9,3,0,1,0,0,2,4434.0,51.8,5874.0,54.8,2669.0,57.0,4311.0,54.0,4550.142857142857,84.8991087971551
2024-09-12,1638,4575.0,50.8,90.05905511811024,0,56.726528040327665,2.0,2.073870573870574,3,9,3,0,1,0,0,2,4124.0,49.8,4693.0,54.8,2951.0,56.0,4077.0,53.8,4533.285714285715,85.53059008097271
2024-09-13,1638,4048.0,48.8,82.95081967213115,0,56.23067092651757,2.0,2.0781440781440783,4,9,3,0,1,0,1,2,4575.0,50.8,4274.0,54.8,3419.0,46.8,2817.0,54.8,4501.0,86.23889278700187
2024-09-16,1638,4276.0,50.8,84.1732283464567,0,54.197476340694,2.0,2.1043956043956045,0,9,3,0,1,1,0,3,4048.0,48.8,5049.0,54.8,3286.0,46.0,2802.0,55.8,4390.571428571428,85.10149162273136
2024-09-17,1638,4014.0,48.8,82.25409836065575,0,54.34818586887333,2.0,2.0641025641025643,1,9,3,0,1,0,0,3,4276.0,50.8,4186.0,56.8,3275.0,45.8,2540.0,53.8,4366.0,86.32390808874051
2024-09-18,1638,6524.0,47.8,136.48535564853557,1,57.10928616550853,2.0,2.1233211233211233,2,9,3,0,1,0,0,3,4014.0,48.8,5091.0,52.8,2414.0,48.8,3788.0,49.8,4570.714285714285,92.04746538918066
2024-09-19,1638,5105.0,48.8,104.61065573770492,1,54.32274459974587,2.0,2.0396825396825395,3,9,3,0,1,0,0,3,6524.0,47.8,4434.0,51.8,4114.0,50.8,2817.0,53.8,4666.571428571428,94.76349398050199
2024-09-20,1638,4006.0,50.8,78.85826771653544,0,52.878940731399744,2.0,2.0415140415140414,4,9,3,0,1,0,1,3,5105.0,48.8,4124.0,49.8,5874.0,54.8,2650.0,53.8,4649.714285714285,94.19878294287568
2024-09-23,1638,4758.0,52.8,90.11363636363637,0,56.03487634749524,2.0,2.083638583638584,0,9,3,0,1,1,0,4,4006.0,50.8,4575.0,50.8,4693.0,54.8,3028.0,52.8,4675.857142857143,94.20658026366513
2024-09-24,1638,4259.0,52.8,80.6628787878788,0,56.421319796954315,2.0,2.0384615384615383,1,9,3,0,1,0,0,4,4758.0,52.8,4048.0,48.8,4274.0,54.8,2439.0,52.8,4706.0,93.8797315659148
2024-09-25,2016,6402.0,51.8,123.59073359073359,1,58.162647511544385,3.0,2.1339285714285716,2,9,3,1,1,0,0,4,4259.0,52.8,4276.0,50.8,5049.0,54.8,3373.0,52.8,5009.714285714285,99.51080374366862
2024-09-26,2016,6742.0,49.8,135.38152610441767,1,57.14661848218895,3.0,2.1220238095238093,3,9,3,1,1,0,0,4,6402.0,51.8,4014.0,48.8,4186.0,56.8,2501.0,53.8,5399.428571428572,107.10043627849177
2024-09-27,2016,6137.0,50.0,122.74,1,57.04057524396507,3.0,2.138888888888889,4,9,3,1,1,0,1,4,6742.0,49.8,6524.0,47.8,5091.0,52.8,2419.0,55.8,5344.142857142857,105.13681404298669
2024-09-30,2016,6053.0,57.8,104.72318339100346,1,57.22359608449253,3.0,2.136904761904762,0,9,3,1,1,1,0,5,6137.0,50.0,5105.0,48.8,4434.0,51.8,4619.0,58.8,5479.571428571428,105.15288942202935
2024-10-01,1008,2854.0,57.8,49.37716262975779,0,54.54769230769231,2.0,1.9851190476190477,1,10,4,0,0,0,0,1,6053.0,57.8,4006.0,50.8,4124.0,49.8,3368.0,58.8,5315.0,100.9413029810611
2024-10-02,1008,4736.0,57.8,81.93771626297578,0,49.521560574948666,2.0,1.9275793650793651,2,10,4,0,0,0,0,1,2854.0,57.8,4758.0,52.8,4575.0,50.8,2263.0,56.0,5311.857142857143,99.77331439525244
2024-10-03,1008,4078.0,56.8,71.79577464788733,0,53.35860655737705,2.0,1.9910714285714286,3,10,4,0,0,0,0,1,4736.0,57.8,4259.0,52.8,4048.0,48.8,2669.0,57.0,5286.0,98.50658523239652
2024-10-04,1008,3365.0,55.8,60.30465949820789,0,52.82117163412128,2.0,2.0128968253968256,4,10,4,0,0,0,1,1,4078.0,56.8,6402.0,51.8,4276.0,50.8,2951.0,56.0,4852.142857142857,89.46571750489285
2024-10-07,1008,3069.0,54.8,56.0036496350365,0,54.05268595041322,2.0,1.9603174603174602,0,10,4,0,0,1,0,1,3365.0,55.8,6742.0,49.8,4014.0,48.8,3419.0,46.8,4327.428571428572,78.12602086640982
2024-10-08,1008,2894.0,56.8,50.95070422535211,0,54.00417972831766,2.0,2.0,1,10,4,0,0,0,0,2,3069.0,54.8,6137.0,50.0,6524.0,47.8,3286.0,46.0,3864.1428571428573,67.87040718431727
2024-10-09,1008,2764.0,55.8,49.53405017921147,0,51.655102040816324,2.0,1.9732142857142858,2,10,4,0,0,0,0,2,2894.0,56.8,6053.0,57.8,5105.0,48.8,3275.0,45.8,3394.285714285714,59.98624529691841
2024-10-10,1024,2827.0,54.8,51.587591240875916,0,52.645685279187816,2.0,1.9609375,3,10,4,0,0,0,0,2,2764.0,55.8,2854.0,57.8,4006.0,50.8,2414.0,48.8,3390.4285714285716,60.30202081279243
2024-10-11,1024,3662.0,56.8,64.4718309859155,0,54.42099898063201,2.0,2.0498046875,4,10,4,0,0,0,1,2,2827.0,54.8,4736.0,57.8,4758.0,52.8,4114.0,50.8,3237.0,57.80689434464096
2024-10-14,1024,3159.0,56.8,55.61619718309859,0,52.84778225806452,2.0,1.9736328125,0,10,4,0,0,1,0,2,3662.0,56.8,4078.0,56.8,4259.0,52.8,5874.0,54.8,3105.714285714286,55.495526135385425
2024-10-15,1024,3395.0,55.8,60.84229390681004,0,52.59292929292929,2.0,2.0146484375,1,10,4,0,0,0,0,3,3159.0,56.8,3365.0,55.8,6402.0,51.8,4693.0,54.8,3110.0,55.57233105090001
2024-10-16,1024,3453.0,55.8,61.88172043010753,0,53.07121057985758,2.0,1.9921875,2,10,4,0,0,0,0,3,3395.0,55.8,3069.0,54.8,6742.0,49.8,4274.0,54.8,3164.8571428571427,56.412055450195886
2024-10-17,1024,2728.0,54.8,49.78102189781022,0,51.512768130745656,2.0,2.001953125,3,10,4,0,0,0,0,3,3453.0,55.8,2894.0,56.8,6137.0,50.0,5049.0,54.8,3141.1428571428573,56.24495797483275
2024-10-18,1024,3185.0,53.8,59.2007434944238,0,50.26171079429735,2.0,1.9599609375,4,10,4,0,0,0,1,3,2728.0,54.8,2764.0,55.8,6053.0,57.8,4186.0,56.8,3201.285714285714,57.62591416272023
2024-10-21,1024,2555.0,55.8,45.788530465949826,0,54.03045685279188,2.0,1.98828125,0,10,4,0,0,1,0,3,3185.0,53.8,2827.0,54.8,2854.0,57.8,5091.0,52.8,3162.4285714285716,56.79747690915936
2024-10-22,1024,2760.0,56.8,48.59154929577465,0,55.55825734549139,2.0,2.033203125,1,10,4,0,0,0,0,4,2555.0,55.8,3662.0,56.8,4736.0,57.8,4434.0,51.8,3033.5714285714284,54.528865239139236
2024-10-23,1024,2817.0,54.8,51.4051094890511,0,50.960645812310794,2.0,1.9677734375,2,10,4,0,0,0,0,4,2760.0,56.8,3159.0,56.8,4078.0,56.8,4124.0,49.8,2984.714285714286,53.92728128284674
2024-10-24,1024,2684.0,50.8,52.83464566929134,0,53.438650306748464,2.0,2.001953125,3,10,4,0,0,0,0,4,2817.0,54.8,3395.0,55.8,3365.0,55.8,4575.0,50.8,2883.1428571428573,52.78333153462978
2024-10-25,1280,3831.0,50.8,75.41338582677166,0,53.80546623794212,2.0,2.07265625,4,10,4,1,0,0,1,4,2684.0,50.8,3453.0,55.8,3069.0,54.8,4048.0,48.8,2937.1428571428573,54.71642659129608
2024-10-28,1280,4257.0,52.8,80.625,0,56.19121236777868,2.0,2.059375,0,10,4,1,0,1,0,4,3831.0,50.8,2728.0,54.8,2894.0,56.8,4276.0,50.8,3155.5714285714284,59.122709177323195
2024-10-29,1280,3908.0,53.8,72.63940520446097,0,54.353796445880455,2.0,2.0578125,1,10,4,1,0,0,0,5,4257.0,52.8,3185.0,53.8,2764.0,55.8,4014.0,48.8,3258.8571428571427,61.042517993042786
2024-10-30,1280,4686.0,52.8,88.75,0,52.34803921568628,2.0,2.025,2,10,4,1,0,0,0,5,3908.0,53.8,2555.0,55.8,2827.0,54.8,6524.0,47.8,3563.285714285714,67.17987078362138
2024-10-31,1280,3604.0,49.8,72.36947791164658,0,53.92439024390244,2.0,2.06640625,3,10,4,1,0,0,0,5,4686.0,52.8,2760.0,56.8,3662.0,56.8,5105.0,48.8,3683.8571428571427,70.57671772874595
2024-11-01,1216,2939.0,50.8,57.85433070866142,0,53.32705479452055,2.0,1.990953947368421,4,11,4,0,0,0,1,1,3604.0,49.8,2817.0,54.8,3159.0,56.8,4006.0,50.8,3701.285714285714,71.49803504583313
2024-11-04,1216,3203.0,43.8,73.12785388127854,0,52.62233589087809,2.0,2.0123355263157894,0,11,4,0,0,1,0,1,2939.0,50.8,2684.0,50.8,3395.0,55.8,4758.0,52.8,3775.4285714285716,74.39706479040274
2024-11-05,1216,4273.0,45.8,93.29694323144105,0,52.73474576271187,2.0,1.990953947368421,1,11,4,0,0,0,0,1,3203.0,43.8,3831.0,50.8,3453.0,55.8,4259.0,52.8,3838.5714285714284,76.95185870535552
2024-11-06,1216,3358.0,49.8,67.42971887550202,0,53.55708154506438,2.0,1.990953947368421,2,11,4,0,0,0,0,1,4273.0,45.8,4257.0,52.8,2728.0,54.8,6402.0,51.8,3710.1428571428573,75.06681854471294
2024-11-07,1216,3985.0,51.8,76.93050193050193,0,51.01622544833476,2.0,1.9925986842105263,3,11,4,0,0,0,0,1,3358.0,49.8,3908.0,53.8,3185.0,53.8,6742.0,49.8,3721.1428571428573,75.6798323627188
2024-11-08,1216,3258.0,49.8,65.42168674698796,0,53.75021533161068,2.0,2.0,4,11,4,0,0,0,1,2,3985.0,51.8,4686.0,52.8,2555.0,55.8,6137.0,50.0,3517.1428571428573,72.34721618371707
2024-11-11,1216,2951.0,55.8,52.88530465949821,0,53.61134631668078,2.0,1.995888157894737,0,11,4,0,0,1,0,2,3258.0,49.8,3604.0,49.8,2760.0,56.8,6053.0,57.8,3423.8571428571427,69.56376286198159
2024-11-12,1216,3565.0,55.8,63.88888888888889,0,53.35750853242321,2.0,2.0016447368421053,1,11,4,0,0,0,0,2,2951.0,55.8,2939.0,50.8,2817.0,54.8,2854.0,57.8,3513.285714285714,70.42584260201409
2024-11-13,1216,4140.0,55.8,74.19354838709678,0,54.46786632390746,2.0,1.9983552631578947,2,11,4,0,0,0,0,2,3565.0,55.8,3203.0,43.8,2684.0,50.8,4736.0,57.8,3647.1428571428573,70.57808467427384
2024-11-14,1216,3664.0,54.8,66.86131386861314,0,52.89078498293515,2.0,1.9786184210526316,3,11,4,0,0,0,0,2,4140.0,55.8,4273.0,45.8,3831.0,50.8,4078.0,56.8,3560.1428571428573,66.80156619386985
2024-11-15,1216,4093.0,55.8,73.35125448028674,0,51.00940975192472,2.0,1.972861842105263,4,11,4,0,0,0,1,3,3664.0,54.8,3358.0,49.8,4257.0,52.8,3365.0,55.8,3665.1428571428573,67.64749985169624
2024-11-18,1216,3216.0,51.8,62.084942084942085,0,53.16082121471343,2.0,1.9539473684210527,0,11,4,0,0,1,0,3,4093.0,55.8,3985.0,51.8,3908.0,53.8,3069.0,54.8,3555.285714285714,65.52670558804483
2024-11-19,1216,3826.0,52.8,72.46212121212122,0,55.33390264730999,2.0,2.0279605263157894,1,11,4,0,0,0,0,3,3216.0,51.8,3258.0,49.8,4686.0,52.8,2894.0,56.8,3636.4285714285716,66.53248194020672
2024-11-20,1216,5580.0,53.8,103.71747211895911,1,54.66437768240343,2.0,2.0148026315789473,2,11,4,0,0,0,0,3,3826.0,52.8,2951.0,55.8,3604.0,49.8,2764.0,55.8,4012.0,73.79422014870114
2024-11-21,1216,4118.0,54.8,75.14598540145985,0,52.81678082191781,2.0,1.995888157894737,3,11,4,0,0,0,0,3,5580.0,53.8,3565.0,55.8,2939.0,50.8,2827.0,54.8,4091.0,75.40237679335414
2024-11-22,1216,4747.0,54.8,86.62408759124088,0,53.21287553648069,2.0,1.990953947368421,4,11,4,0,0,0,1,4,4118.0,54.8,4140.0,55.8,3203.0,43.8,3662.0,56.8,4177.714285714285,77.17816810823186
2024-11-25,1536,4445.0,50.8,87.5,0,53.08378378378379,2.0,2.0338541666666665,0,11,4,1,0,1,0,4,4747.0,54.8,3664.0,54.8,4273.0,45.8,3159.0,56.8,4289.285714285715,80.12655184128712
2024-11-26,1536,5731.0,49.0,116.95918367346938,1,55.30290736984449,2.0,2.01171875,1,11,4,1,0,0,0,4,4445.0,50.8,4093.0,55.8,3358.0,49.8,3395.0,55.8,4523.285714285715,86.35625601174179
2024-11-27,1536,5039.0,49.0,102.83673469387755,1,55.196476964769644,2.0,2.0501302083333335,2,11,4,1,0,0,0,4,5731.0,49.0,3216.0,51.8,3985.0,51.8,3453.0,55.8,4783.714285714285,92.17794067016114
2024-11-28,1536,4000.0,48.0,83.33333333333333,0,54.189864864864866,2.0,2.0611979166666665,3,11,4,1,0,0,0,4,5039.0,49.0,3826.0,52.8,3258.0,49.8,2728.0,54.8,4808.571428571428,93.73097097319143
2024-11-29,1536,5161.0,51.0,101.19607843137256,1,54.28281461434371,2.0,2.0442708333333335,4,11,4,1,0,0,1,5,4000.0,48.0,5580.0,53.8,2951.0,55.8,3185.0,53.8,4748.714285714285,93.37077187496479
2024-12-02,1664,4891.0,55.8,87.65232974910394,0,53.459375,2.0,2.050480769230769,0,12,4,0,1,1,0,1,5161.0,51.0,4118.0,54.8,3565.0,55.8,2555.0,55.8,4859.142857142857,95.1573924960568
2024-12-03,1664,4750.0,55.8,85.12544802867384,0,54.28732747804266,2.0,2.0498798076923075,1,12,4,0,1,0,0,1,4891.0,55.8,4747.0,54.8,4140.0,55.8,2760.0,56.8,4859.571428571428,94.94330112997581
2024-12-04,1664,5429.0,57.8,93.92733564013841,0,56.75980087118855,2.0,2.1063701923076925,2,12,4,0,1,0,0,1,4750.0,55.8,4445.0,50.8,3664.0,54.8,2817.0,54.8,5000.142857142857,95.86149193570986
2024-12-05,1664,5672.0,57.8,98.13148788927336,0,54.35897435897436,2.0,2.043269230769231,3,12,4,0,1,0,0,1,5429.0,57.8,5731.0,49.0,4093.0,55.8,2684.0,50.8,4991.714285714285,93.17182110939613
2024-12-06,1664,5641.0,57.8,97.59515570934256,0,55.97629444791017,2.0,2.079326923076923,4,12,4,0,1,0,1,1,5672.0,57.8,5039.0,49.0,3216.0,51.8,3831.0,50.8,5077.714285714285,92.42302411160543
2024-12-09,1664,5567.0,55.0,101.21818181818182,1,55.9141065830721,2.0,2.1087740384615383,0,12,4,0,1,1,0,2,5641.0,57.8,4000.0,48.0,3826.0,52.8,4257.0,52.8,5301.571428571428,94.97800246658379
2024-12-10,1664,4875.0,56.0,87.05357142857143,0,54.85003111387679,2.0,2.0618990384615383,1,12,4,0,1,0,0,2,5567.0,55.0,5161.0,51.0,5580.0,53.8,3908.0,53.8,5260.714285714285,92.95764432332648
2024-12-11,1664,4616.0,56.0,82.42857142857143,0,55.840498442367604,2.0,2.0775240384615383,2,12,4,0,1,0,0,2,4875.0,56.0,4891.0,55.8,4118.0,54.8,4686.0,52.8,5221.428571428572,92.21139313467897
2024-12-12,1664,5278.0,53.0,99.58490566037736,0,55.99056010069226,2.0,2.110576923076923,3,12,4,0,1,0,0,2,4616.0,56.0,4750.0,55.8,4747.0,54.8,3604.0,49.8,5296.857142857143,94.27702993920805
2024-12-13,1664,4295.0,51.8,82.91505791505791,0,55.53022670025189,2.0,2.0498798076923075,4,12,4,0,1,0,1,2,5278.0,53.0,5429.0,57.8,4445.0,50.8,2939.0,50.8,5134.857142857143,92.7038474070537
2024-12-16,1664,5388.0,54.8,98.32116788321169,0,56.594475831763965,2.0,2.1033653846153846,0,12,4,0,1,1,0,3,4295.0,51.8,5672.0,57.8,5731.0,49.0,3203.0,43.8,5094.285714285715,92.73094454904489
2024-12-17,1664,4253.0,51.8,82.10424710424711,0,52.94614902943018,2.0,2.0294471153846154,1,12,4,0,1,0,0,3,5388.0,54.8,5641.0,57.8,5039.0,49.0,4273.0,45.8,4896.0,90.51795760545981
2024-12-18,1638,4094.0,54.8,74.7080291970803,0,52.46139240506329,2.0,2.0335775335775335,2,12,4,0,1,0,0,3,4253.0,51.8,5567.0,55.0,4000.0,48.0,3358.0,49.8,4685.571428571428,86.73079294530247
2024-12-19,1638,5253.0,54.8,95.85766423357664,0,55.561626429479034,2.0,2.083028083028083,3,12,4,0,1,0,0,3,4094.0,54.8,4875.0,56.0,5161.0,51.0,3985.0,51.8,4739.571428571428,87.98852048887464
2024-12-20,1638,4303.0,54.8,78.52189781021899,0,55.69061121613107,2.0,2.0915750915750917,4,12,4,0,1,0,1,3,5253.0,54.8,4616.0,56.0,4891.0,55.8,3258.0,49.8,4694.857142857143,87.43042425768144
2024-12-23,1638,4884.0,57.8,84.49826989619378,0,54.94720101781171,2.0,2.086691086691087,0,12,4,0,1,1,0,4,4303.0,54.8,5278.0,53.0,4750.0,55.8,2951.0,55.8,4638.571428571428,85.27519057708378
2024-12-24,1638,4820.0,57.8,83.39100346020761,0,55.414357682619645,2.0,2.0903540903540905,1,12,4,0,1,0,0,4,4884.0,57.8,4295.0,51.8,5429.0,57.8,3565.0,55.8,4713.571428571428,85.34318279781944
2024-12-25,2079,6908.0,50.8,135.98425196850394,1,55.75075376884422,3.0,2.1063011063011063,2,12,4,1,1,0,0,4,4820.0,57.8,5388.0,54.8,5672.0,57.8,4140.0,55.8,4930.714285714285,90.72362338143262
2024-12-26,2079,5833.0,49.8,117.1285140562249,1,56.70374115267948,3.0,2.1043771043771042,3,12,4,1,1,0,0,4,6908.0,50.8,4253.0,51.8,5641.0,57.8,3664.0,54.8,5156.428571428572,95.72709008885802
2024-12-27,2079,5445.0,48.8,111.57786885245902,1,55.54604280736685,3.0,2.102934102934103,4,12,4,1,1,0,1,4,5833.0,49.8,4094.0,54.8,5567.0,55.0,4093.0,55.8,5349.428571428572,100.99421003962641
2024-12-30,2112,5217.0,53.8,96.97026022304833,0,57.88544739429695,3.0,2.131155303030303,0,12,4,1,1,1,0,5,5445.0,48.8,5253.0,54.8,4875.0,56.0,3216.0,51.8,5344.285714285715,101.15315232383666
2024-12-31,2112,7052.0,54.8,128.68613138686132,1,56.897014925373135,3.0,2.143465909090909,1,12,4,1,1,0,0,5,5217.0,53.8,4303.0,54.8,4616.0,56.0,3826.0,52.8,5737.0,108.31947140621412
2025-01-01,1040,3565.0,53.8,66.2639405204461,0,52.31505483549352,2.0,1.9798076923076924,2,1,1,0,0,0,0,1,7052.0,54.8,4884.0,57.8,5278.0,53.0,5580.0,53.8,5548.571428571428,105.71456720967875
2025-01-02,1040,2958.0,55.6,53.20143884892086,0,54.301980198019805,2.0,2.020192307692308,3,1,1,0,0,0,0,1,3565.0,53.8,4820.0,57.8,4295.0,51.8,4118.0,54.8,5282.571428571428,101.4017722652092
2025-01-03,1040,3633.0,58.6,61.996587030716725,0,53.41541541541542,2.0,2.0028846153846156,4,1,1,0,0,0,1,1,2958.0,55.6,6908.0,50.8,5388.0,54.8,4747.0,54.8,4814.714285714285,90.83210584552533
2025-01-06,1040,2479.0,58.6,42.303754266211605,0,56.17330677290837,2.0,2.014423076923077,0,1,1,0,0,1,0,1,3633.0,58.6,5833.0,49.8,4253.0,51.8,4445.0,50.8,4335.571428571428,80.142854446952
2025-01-07,1040,2835.0,55.6,50.989208633093526,0,53.58466135458168,2.0,2.021153846153846,1,1,1,0,0,0,0,1,2479.0,58.6,5445.0,48.8,4094.0,54.8,5731.0,49.0,3962.714285714286,71.48733155847121
2025-01-08,1024,2327.0,52.6,44.23954372623574,0,51.90051282051282,2.0,1.9697265625,2,1,1,0,0,0,0,2,2835.0,55.6,5217.0,53.8,5253.0,54.8,5039.0,49.0,3549.8571428571427,63.95437205892655
2025-01-09,1024,3007.0,54.6,55.07326007326007,0,54.46969696969697,2.0,2.0087890625,3,1,1,0,0,0,0,2,2327.0,52.6,7052.0,54.8,4303.0,54.8,4000.0,48.0,2972.0,53.43824758555495
2025-01-10,1024,2939.0,56.6,51.92579505300353,0,52.73979591836735,2.0,2.0478515625,4,1,1,0,0,0,1,2,3007.0,54.6,3565.0,53.8,4884.0,57.8,5161.0,51.0,2882.5714285714284,51.389941090206015
2025-01-13,1024,3429.0,53.6,63.973880597014926,0,52.54341164453524,2.0,2.005859375,0,1,1,0,0,1,0,2,2939.0,56.6,2958.0,55.6,4820.0,57.8,4891.0,55.8,2949.8571428571427,52.92886133993373
2025-01-14,1024,2358.0,54.6,43.18681318681318,0,54.5709939148073,2.0,2.00390625,1,1,1,0,0,0,0,2,3429.0,53.6,3633.0,58.6,6908.0,50.8,4750.0,55.8,2767.714285714286,50.24175079080465
2025-01-15,1040,2848.0,55.6,51.223021582733814,0,52.689689689689686,2.0,1.9721153846153847,2,1,1,0,0,0,0,3,2358.0,54.6,2479.0,58.6,5833.0,49.8,5429.0,57.8,2820.4285714285716,51.51593183602211
2025-01-16,1040,4250.0,56.6,75.08833922261483,0,53.44477911646587,2.0,1.9884615384615385,3,1,1,0,0,0,0,3,2848.0,55.6,2835.0,55.6,5445.0,48.8,5672.0,57.8,3022.5714285714284,54.958664777382296
2025-01-17,1056,3467.0,57.6,60.19097222222222,0,53.355533790401566,2.0,1.9659090909090908,4,1,1,0,0,0,1,3,4250.0,56.6,2327.0,52.6,5217.0,53.8,5641.0,57.8,3185.4285714285716,57.23744027680893
2025-01-20,1056,3007.0,58.6,51.31399317406143,0,52.22918707149853,2.0,1.987689393939394,0,1,1,0,0,1,0,3,3467.0,57.6,3007.0,54.6,7052.0,54.8,5567.0,55.0,3185.4285714285716,56.70040214835199
2025-01-21,1056,3228.0,58.6,55.08532423208191,0,54.55980392156863,2.0,1.9820075757575757,1,1,1,0,0,0,0,3,3007.0,58.6,2939.0,56.6,3565.0,53.8,4875.0,56.0,3226.714285714286,57.151763459648905
2025-01-22,1056,3485.0,59.6,58.4731543624161,0,54.671246319921494,2.0,1.9990530303030303,2,1,1,0,0,0,0,4,3228.0,58.6,3429.0,53.6,2958.0,55.6,4616.0,56.0,3234.714285714286,56.365945426134786
2025-01-23,1056,3124.0,59.6,52.41610738255034,0,52.61970443349754,2.0,2.003787878787879,3,1,1,0,0,0,0,4,3485.0,59.6,2358.0,54.6,3633.0,58.6,5278.0,53.0,3344.1428571428573,57.684416025525806
2025-01-24,1056,3093.0,52.6,58.80228136882129,0,54.83448275862069,2.0,2.016098484848485,4,1,1,0,0,0,1,4,3124.0,59.6,2848.0,55.6,2479.0,58.6,4295.0,51.8,3379.1428571428573,58.767167423538304
2025-01-27,1386,4372.0,58.6,74.60750853242321,0,53.128495842781554,2.0,2.057720057720058,0,1,1,1,0,1,0,4,3093.0,52.6,4250.0,56.6,2835.0,55.6,5388.0,54.8,3396.5714285714284,58.6984773249395
2025-01-28,1386,4577.0,56.6,80.86572438162544,0,55.78666666666667,2.0,2.08008658008658,1,1,1,1,0,0,0,4,4372.0,58.6,3467.0,57.6,2327.0,52.6,4253.0,51.8,3555.1428571428573,61.65201334771139
2025-01-29,1407,3583.0,56.6,63.30388692579505,0,55.35581912527798,2.0,2.0341151385927505,2,1,1,1,0,0,0,5,4577.0,56.6,3007.0,58.6,3007.0,54.6,4094.0,54.8,3637.4285714285716,63.36485531224476
2025-01-30,1407,4242.0,56.6,74.94699646643109,0,56.12934220251294,2.0,2.0412224591329067,3,1,1,1,0,0,0,5,3583.0,56.6,3228.0,58.6,2939.0,56.6,5253.0,54.8,3782.285714285714,66.20223706000893
2025-01-31,1407,3997.0,53.6,74.57089552238806,0,55.501855976243505,2.0,2.0874200426439233,4,1,1,1,0,0,1,5,4242.0,56.6,3485.0,59.6,3429.0,53.6,4303.0,54.8,3855.4285714285716,68.50191436857635
2025-02-03,1254,3864.0,54.6,70.76923076923077,0,54.08637873754153,2.0,1.9768740031897927,0,2,1,0,0,1,0,1,3997.0,53.6,3124.0,59.6,2358.0,54.6,4884.0,57.8,3961.1428571428573,71.12378913810213
2025-02-04,1254,4044.0,54.6,74.06593406593406,0,57.9556856187291,2.0,2.0486443381180224,1,2,1,0,0,0,0,1,3864.0,54.6,3093.0,52.6,2848.0,55.6,4820.0,57.8,4097.0,73.30431095197538
2025-02-05,1254,3809.0,55.6,68.50719424460432,0,54.36507936507937,2.0,1.9768740031897927,2,2,1,0,0,0,0,1,4044.0,54.6,4372.0,58.6,4250.0,56.6,6908.0,50.8,4016.5714285714284,72.43283748228696
2025-02-06,1254,3737.0,55.6,67.21223021582733,0,53.66224066390041,2.0,2.0023923444976077,3,2,1,0,0,0,0,1,3809.0,55.6,4577.0,56.6,3467.0,57.6,5833.0,49.8,3896.5714285714284,70.48233831574439
2025-02-07,1254,2962.0,59.6,49.697986577181204,0,55.38,2.0,2.011164274322169,4,2,1,0,0,0,1,1,3737.0,55.6,3583.0,56.6,3007.0,58.6,5445.0,48.8,3807.8571428571427,68.53863826594241
2025-02-10,1254,3975.0,59.6,66.69463087248322,0,53.52965403624382,2.0,1.9681020733652312,0,2,1,0,0,1,0,2,2962.0,59.6,4242.0,56.6,3228.0,58.6,5217.0,53.8,3769.714285714286,67.35972889537842
2025-02-11,1254,3084.0,58.6,52.62798634812287,0,53.8,2.0,1.9864433811802233,1,2,1,0,0,0,0,2,3975.0,59.6,3997.0,53.6,3485.0,59.6,7052.0,54.8,3639.285714285714,64.22502758476911
2025-02-12,1254,3720.0,57.6,64.58333333333333,0,54.67161716171617,2.0,1.9984051036682615,2,2,1,0,0,0,0,2,3084.0,58.6,3864.0,54.6,3124.0,59.6,3565.0,53.8,3618.714285714286,63.34132795106948
2025-02-13,1254,3110.0,58.6,53.0716723549488,0,56.478943022295624,2.0,1.981658692185008,3,2,1,0,0,0,0,2,3720.0,57.6,4044.0,54.6,3093.0,52.6,2958.0,55.6,3485.285714285714,60.34214770664301
2025-02-14,1292,4405.0,59.6,73.90939597315436,0,53.92759452936444,2.0,2.001547987616099,4,2,1,0,0,0,1,2,3110.0,58.6,3809.0,55.6,4372.0,58.6,3633.0,58.6,3570.4285714285716,61.11389081072159
2025-02-17,1292,3804.0,58.6,64.91467576791808,0,55.24799357945425,2.0,2.0023219814241484,0,2,1,0,0,1,0,3,4405.0,59.6,3737.0,55.6,4577.0,56.6,2479.0,58.6,3580.0,60.78566874673455
2025-02-18,1360,5674.0,57.6,98.50694444444444,0,54.39104024297646,2.0,1.9786764705882354,1,2,1,0,0,0,0,3,3804.0,58.6,2962.0,59.6,3583.0,56.6,2835.0,55.6,3967.4285714285716,67.75837701348645
2025-02-19,1360,3648.0,55.6,65.61151079136691,0,52.84263565891473,2.0,1.972794117647059,2,2,1,0,0,0,0,3,5674.0,57.6,3975.0,59.6,4242.0,56.6,2327.0,52.6,3920.714285714286,67.60364557332697
2025-02-20,1360,3430.0,55.6,61.690647482014384,0,53.98142414860681,2.0,1.9720588235294119,3,2,1,0,0,0,0,3,3648.0,55.6,3084.0,58.6,3997.0,53.6,3007.0,54.6,3970.1428571428573,68.89831144959719
2025-02-21,1360,4234.0,55.6,76.15107913669064,0,52.32024634334103,2.0,1.9705882352941178,4,2,1,0,0,0,1,3,3430.0,55.6,3720.0,57.6,3864.0,54.6,2939.0,56.6,4043.5714285714284,70.55084656436252
2025-02-24,1360,4494.0,56.8,79.11971830985915,0,55.43042813455658,2.0,2.010294117647059,0,2,1,0,0,1,0,4,4234.0,55.6,3110.0,58.6,4044.0,54.6,3429.0,53.6,4241.285714285715,74.27199598649257
2025-02-25,1632,4940.0,51.8,95.36679536679537,0,56.44472843450479,2.0,2.044730392156863,1,2,1,1,0,0,0,4,4494.0,56.8,4405.0,59.6,3809.0,55.6,2358.0,54.6,4317.714285714285,77.33733875701272
2025-02-26,1632,5180.0,54.8,94.52554744525548,0,55.853222718570514,2.0,2.042892156862745,2,2,1,1,0,0,0,4,4940.0,51.8,3804.0,58.6,3737.0,55.6,2848.0,55.6,4514.285714285715,81.56746328234662
2025-02-27,1632,4959.0,52.8,93.92045454545455,0,55.381345177664976,2.0,2.0330882352941178,3,2,1,1,0,0,0,4,5180.0,54.8,5674.0,57.6,2962.0,59.6,4250.0,56.6,4412.142857142857,80.91225043963378
2025-02-28,1632,4371.0,53.6,81.54850746268656,0,54.80434782608695,2.0,2.049019607843137,4,2,1,1,0,0,1,4,4959.0,52.8,3648.0,55.6,3975.0,59.6,3467.0,57.6,4515.428571428572,83.18896424982232
2025-03-03,1768,5080.0,52.6,96.57794676806084,0,57.20224719101124,2.0,2.067873303167421,0,3,1,0,1,1,0,1,4371.0,53.6,3430.0,55.6,3084.0,58.6,3007.0,58.6,4751.142857142857,88.17286414782895
2025-03-04,1768,4387.0,53.6,81.84701492537313,0,55.63910218546958,2.0,2.073529411764706,1,3,1,0,1,0,0,1,5080.0,52.6,4234.0,55.6,3720.0,57.6,3228.0,58.6,4773.0,88.98656926049787
2025-03-05,1768,5311.0,55.6,95.52158273381295,0,56.646780862374484,2.0,2.1074660633484164,2,3,1,0,1,0,0,1,4387.0,53.6,4494.0,56.8,3110.0,58.6,3485.0,59.6,4889.714285714285,91.32969274963412
2025-03-06,1768,4081.0,55.6,73.39928057553956,0,55.43952802359882,2.0,2.057126696832579,3,3,1,0,1,0,0,1,5311.0,55.6,4940.0,51.8,4405.0,59.6,3124.0,59.6,4767.0,88.19147635088329
2025-03-07,1768,4175.0,54.6,76.46520146520146,0,54.919642857142854,2.0,2.070135746606335,4,3,1,0,1,0,1,1,4081.0,55.6,5180.0,54.8,3804.0,58.6,3093.0,52.6,4623.428571428572,85.61142692516128
2025-03-10,1768,5340.0,59.6,89.59731543624162,0,57.225277940315976,2.0,2.1018099547511313,0,3,1,0,1,1,0,2,4175.0,54.6,4959.0,52.8,5674.0,57.6,4372.0,58.6,4677.857142857143,84.99383562384516
2025-03-11,1768,5088.0,59.6,85.36912751677852,0,54.50530660377358,2.0,2.0565610859728505,1,3,1,0,1,0,0,2,5340.0,59.6,4371.0,53.6,3648.0,55.6,4577.0,56.6,4780.285714285715,85.53963848871544
2025-03-12,1768,5177.0,58.6,88.34470989761093,0,56.14176018901359,2.0,2.054864253393665,2,3,1,0,1,0,0,2,5088.0,59.6,5080.0,52.6,3430.0,55.6,3583.0,56.6,4794.142857142857,84.36346179293687
2025-03-13,1768,4922.0,59.6,82.58389261744966,0,55.435731132075475,2.0,2.059389140271493,3,3,1,0,1,0,0,2,5177.0,58.6,4387.0,53.6,4234.0,55.6,4242.0,56.6,4870.571428571428,84.4687300346621
2025-03-14,1768,4806.0,59.6,80.63758389261744,0,55.81106533254856,2.0,2.040158371040724,4,3,1,0,1,0,1,2,4922.0,59.6,5311.0,55.6,4494.0,56.8,3997.0,53.6,4798.428571428572,82.34244448591987
2025-03-17,1768,4578.0,60.6,75.54455445544555,0,56.09686946249262,2.0,2.055995475113122,0,3,1,0,1,1,0,3,4806.0,59.6,4081.0,55.6,4940.0,51.8,3864.0,54.6,4869.428571428572,82.6489121830493
2025-03-18,1768,5810.0,58.6,99.14675767918088,0,56.915926583777384,2.0,2.0972850678733033,1,3,1,0,1,0,0,3,4578.0,60.6,4175.0,54.6,5180.0,54.8,4044.0,54.6,5103.0,85.88913449933209
2025-03-19,1768,4731.0,58.6,80.73378839590444,0,55.46556798116539,2.0,2.041289592760181,2,3,1,0,1,0,0,3,5810.0,58.6,5340.0,59.6,4959.0,52.8,3809.0,55.6,5016.0,84.62291635071249
2025-03-20,1768,6235.0,58.6,106.39931740614334,1,56.328799526907154,2.0,2.0684389140271495,3,3,1,0,1,0,0,3,4731.0,58.6,5088.0,59.6,4371.0,53.6,3737.0,55.6,5179.857142857143,87.62722919205032
2025-03-21,1768,6228.0,58.6,106.27986348122866,1,57.56798116539141,2.0,2.110294117647059,4,3,1,0,1,0,1,3,6235.0,58.6,5177.0,58.6,5080.0,52.6,2962.0,59.6,5330.0,90.18939398971
2025-03-24,1768,4663.0,57.8,80.67474048442907,0,56.789782736347625,2.0,2.081447963800905,0,3,1,0,1,1,0,4,6228.0,58.6,4922.0,59.6,4387.0,53.6,3975.0,59.6,5293.0,89.91665797070706
2025-03-25,2244,7168.0,57.8,124.01384083044984,1,56.46952908587257,3.0,2.120320855614973,1,3,1,1,1,0,0,4,4663.0,57.8,4806.0,59.6,5311.0,55.6,3084.0,58.6,5630.428571428572,96.11326610468312
2025-03-26,2244,6315.0,56.8,111.17957746478874,1,57.639518741323464,3.0,2.122994652406417,2,3,1,1,1,0,0,4,7168.0,57.8,4578.0,60.6,4081.0,55.6,3720.0,57.6,5878.571428571428,101.20398367744643
2025-03-27,2244,6581.0,51.6,127.53875968992247,1,58.181608133086876,3.0,2.1390374331550803,3,3,1,1,1,0,0,4,6315.0,56.8,5810.0,58.6,4175.0,54.6,3110.0,58.6,5988.714285714285,105.25998396469522
2025-03-28,2244,6185.0,53.8,114.96282527881041,1,59.38760407030527,3.0,2.1372549019607843,4,3,1,1,1,0,1,4,6581.0,51.6,4731.0,58.6,5340.0,59.6,4405.0,59.6,6196.428571428572,110.14984637653893
2025-03-31,2277,5769.0,58.6,98.44709897610922,0,58.53333333333333,3.0,2.123847167325428,0,3,1,1,1,1,0,5,6185.0,53.8,6235.0,58.6,5088.0,59.6,3804.0,58.6,6129.857142857143,109.01381517224833
2025-04-01,1173,3800.0,57.8,65.74394463667821,0,54.593159315931594,2.0,2.002557544757033,1,4,2,0,0,0,0,1,5769.0,58.6,6228.0,58.6,5177.0,58.6,5674.0,57.6,5783.0,103.22296962302686
2025-04-02,1173,3663.0,58.8,62.29591836734694,0,52.46938775510204,2.0,1.9684569479965899,2,4,2,0,0,0,0,1,3800.0,57.8,4663.0,57.8,4922.0,59.6,3648.0,55.6,5640.142857142857,100.59742360630082
2025-04-03,1173,3718.0,58.8,63.23129251700681,0,54.273049645390074,2.0,2.0136402387041774,3,4,2,0,0,0,0,1,3663.0,58.8,7168.0,57.8,4806.0,59.6,3430.0,55.6,5147.285714285715,91.91420241866612
2025-04-04,1173,2585.0,57.8,44.72318339100346,0,52.763814616755795,2.0,1.9761295822676896,4,4,2,0,0,0,1,1,3718.0,58.8,6315.0,56.8,4578.0,60.6,4234.0,55.6,4614.428571428572,82.42043183669679
2025-04-07,1173,4553.0,57.8,78.77162629757785,0,55.46269982238011,2.0,2.0554134697357203,0,4,2,0,0,1,0,1,2585.0,57.8,6581.0,51.6,5810.0,58.6,4494.0,56.8,4324.714285714285,75.45369849493328
2025-04-08,1173,2888.0,56.8,50.845070422535215,0,53.911528150134046,2.0,1.9522591645353793,1,4,2,0,0,0,0,2,4553.0,57.8,6185.0,53.8,4731.0,58.6,4940.0,51.8,3853.714285714286,66.2940192297511
2025-04-09,1190,2860.0,57.6,49.65277777777778,0,55.69763365468887,2.0,2.018487394957983,2,4,2,0,0,0,0,2,2888.0,56.8,5769.0,58.6,6235.0,58.6,5180.0,54.8,3438.1428571428573,59.32340191570375
2025-04-10,1190,2903.0,59.6,48.70805369127517,0,53.122359154929576,2.0,1.9983193277310924,3,4,2,0,0,0,0,2,2860.0,57.6,3800.0,57.8,6228.0,58.6,4959.0,52.8,3310.0,56.88970320921761
2025-04-11,1190,3228.0,59.6,54.16107382550335,0,56.78942731277533,2.0,2.0243697478991596,4,4,2,0,0,0,1,2,2903.0,59.6,3663.0,58.8,4663.0,57.8,4371.0,53.6,3247.8571428571427,55.72758256038281
2025-04-14,1190,3933.0,58.6,67.11604095563139,0,53.00174520069808,2.0,1.9983193277310924,0,4,2,0,0,1,0,2,3228.0,59.6,3718.0,58.8,7168.0,57.8,5080.0,52.6,3278.5714285714284,56.28254662304346
2025-04-15,1190,3224.0,57.8,55.77854671280277,0,55.56602112676056,2.0,1.9941176470588236,1,4,2,0,0,0,0,3,3933.0,58.6,2585.0,57.8,6315.0,56.8,4387.0,53.6,3369.8571428571427,57.86188424044336
2025-04-16,1190,4567.0,56.8,80.4049295774648,0,53.942156003505694,2.0,1.9890756302521009,2,4,2,0,0,0,0,3,3224.0,57.8,4553.0,57.8,6581.0,51.6,5311.0,55.6,3371.8571428571427,58.09521328042721
2025-04-17,1190,4041.0,57.8,69.91349480968859,0,52.94649122807017,2.0,1.984873949579832,3,4,2,0,0,0,0,3,4567.0,56.8,2888.0,56.8,6185.0,53.8,4081.0,55.6,3536.5714285714284,60.81927390716341
2025-04-18,1190,3747.0,58.8,63.72448979591837,0,55.41534391534392,2.0,2.003361344537815,4,4,2,0,0,0,1,3,4041.0,57.8,2860.0,57.6,5769.0,58.6,4175.0,54.6,3663.285714285714,62.82951848118349
2025-04-21,1190,3150.0,56.8,55.45774647887324,0,51.347863993025285,2.0,1.973109243697479,0,4,2,0,0,1,0,3,3747.0,58.8,2903.0,59.6,3800.0,57.8,5340.0,59.6,3698.5714285714284,63.79376030798321
2025-04-22,1190,3722.0,55.6,66.94244604316546,0,52.916666666666664,2.0,2.0058823529411764,1,4,2,0,0,0,0,4,3150.0,56.8,3228.0,59.6,3663.0,58.8,5088.0,59.6,3769.1428571428573,65.61967062479209
2025-04-23,1190,2797.0,56.6,49.416961130742045,0,56.14223002633889,2.0,2.0134453781512605,2,4,2,0,0,0,0,4,3722.0,55.6,3933.0,58.6,3718.0,58.8,5177.0,58.6,3606.8571428571427,63.09123064980789
2025-04-24,1190,3145.0,55.6,56.564748201438846,0,55.23030303030303,2.0,2.0058823529411764,3,4,2,0,0,0,0,4,2797.0,56.6,3224.0,57.8,2585.0,57.8,4922.0,59.6,3595.5714285714284,63.20354514818449
2025-04-25,1470,5012.0,52.8,94.92424242424244,0,56.678144764581866,2.0,2.0693877551020408,4,4,2,1,0,0,1,4,3145.0,55.6,4567.0,56.8,4553.0,57.8,4806.0,59.6,3659.1428571428573,65.27773269772413
2025-04-28,1470,3478.0,51.6,67.40310077519379,0,56.14971751412429,2.0,2.0537414965986396,0,4,2,1,0,1,0,4,5012.0,52.8,4041.0,57.8,2888.0,56.8,4578.0,60.6,3578.714285714286,64.9191049785106
2025-04-29,1470,4165.0,55.8,74.64157706093191,0,57.89101203113942,2.0,2.0693877551020408,1,4,2,1,0,0,0,5,3478.0,51.6,3747.0,58.8,2860.0,57.6,5810.0,58.6,3638.4285714285716,66.47868887351254
2025-04-30,1470,3782.0,55.6,68.02158273381295,0,54.805017921146955,2.0,2.0496598639455783,2,4,2,1,0,0,0,5,4165.0,55.8,3150.0,56.8,2903.0,59.6,4731.0,58.6,3728.714285714286,68.2735226242182
2025-05-01,1400,4523.0,55.6,81.34892086330935,0,54.14648729446936,2.0,2.0035714285714286,3,5,2,0,0,0,0,1,3782.0,55.6,3722.0,55.6,3228.0,59.6,6235.0,58.6,3843.1428571428573,70.33159045566732
2025-05-02,1400,3750.0,51.6,72.67441860465117,0,55.87684365781711,2.0,1.98,4,5,2,0,0,0,1,1,4523.0,55.6,2797.0,56.6,3933.0,58.6,6228.0,58.6,3979.285714285714,73.65408438051149
2025-05-05,1400,3798.0,56.6,67.10247349823321,0,53.810830860534125,2.0,1.9842857142857142,0,5,2,0,0,1,0,1,3750.0,51.6,3145.0,55.6,3224.0,57.8,4663.0,57.8,4072.5714285714284,75.15947370862497
2025-05-06,1400,3422.0,57.6,59.40972222222222,0,55.30952380952381,2.0,2.0,1,5,2,0,0,0,0,1,3798.0,56.6,5012.0,52.8,4567.0,56.8,7168.0,57.8,3845.4285714285716,70.08597082262209
2025-05-07,1400,4135.0,57.6,71.78819444444444,0,55.32637853949329,2.0,2.0164285714285715,2,5,2,0,0,0,0,1,3422.0,57.6,3478.0,51.6,4041.0,57.8,6315.0,56.8,3939.285714285714,70.71241277537217
2025-05-08,1400,3859.0,58.6,65.8532423208191,0,53.307522123893804,2.0,1.9714285714285715,3,5,2,0,0,0,0,2,4135.0,57.6,4165.0,55.8,3747.0,58.8,6581.0,51.6,3895.5714285714284,69.4569363839275
2025-05-09,1420,3833.0,59.6,64.31208053691275,0,55.83540599853694,2.0,2.0077464788732393,4,5,2,0,0,0,1,2,3859.0,58.6,3782.0,55.6,3150.0,56.8,6185.0,53.8,3902.8571428571427,68.92700749865604
2025-05-12,1420,3745.0,57.8,64.7923875432526,0,54.632040965618145,2.0,1.9711267605633802,0,5,2,0,0,1,0,2,3833.0,59.6,4523.0,55.6,3722.0,55.6,5769.0,58.6,3791.714285714286,66.56178845293364
2025-05-13,1420,3927.0,56.8,69.13732394366197,0,54.032967032967036,2.0,1.980281690140845,1,5,2,0,0,0,0,2,3745.0,57.8,3750.0,51.6,2797.0,56.6,3800.0,57.8,3817.0,66.05648921564946
2025-05-14,1420,5004.0,56.8,88.09859154929578,0,54.073008849557525,2.0,1.9683098591549295,2,5,2,0,0,0,0,2,3927.0,56.8,3798.0,56.6,3145.0,55.6,3663.0,58.8,3989.285714285714,69.05593465151556
2025-05-15,1420,3971.0,58.8,67.53401360544218,0,54.883823529411764,2.0,2.007042253521127,3,5,2,0,0,0,0,3,5004.0,56.8,3422.0,57.6,5012.0,52.8,3718.0,58.8,4067.714285714286,70.21654770626125
2025-05-16,1420,4092.0,55.8,73.33333333333334,0,56.745925925925924,2.0,2.0528169014084505,4,5,2,0,0,0,1,3,3971.0,58.8,4135.0,57.6,3478.0,51.6,2585.0,57.8,4061.5714285714284,70.4372818332454
2025-05-19,1420,3981.0,59.6,66.79530201342281,0,54.24870848708487,2.0,1.986619718309859,0,5,2,0,0,1,0,3,4092.0,55.8,3859.0,58.6,4165.0,55.8,4553.0,57.8,4079.0,70.57186178933162
2025-05-20,1420,5697.0,59.6,95.58724832214764,0,57.02415812591508,2.0,2.026760563380282,1,5,2,0,0,0,0,3,3981.0,59.6,3833.0,59.6,3782.0,55.6,2888.0,56.8,4345.285714285715,75.03974290150803
2025-05-21,1420,4902.0,59.6,82.24832214765101,0,55.21021897810219,2.0,1.9873239436619718,2,5,2,0,0,0,0,3,5697.0,59.6,3745.0,57.8,4523.0,55.6,2860.0,57.6,4510.571428571428,77.53344784499355
2025-05-22,1420,6200.0,59.6,104.02684563758389,1,56.86446886446886,2.0,2.0140845070422535,3,5,2,0,0,0,0,4,4902.0,59.6,3927.0,56.8,3750.0,51.6,2903.0,59.6,4835.285714285715,82.51766522983952
2025-05-23,1420,3367.0,58.6,57.45733788395904,0,55.4079528718704,2.0,1.9943661971830986,4,5,2,0,0,0,1,4,6200.0,59.6,5004.0,56.8,3798.0,56.6,3228.0,59.6,4601.428571428572,78.14034327764855
2025-05-26,1775,5342.0,53.8,99.29368029739777,0,54.78265963678969,2.0,2.024788732394366,0,5,2,1,0,1,0,4,3367.0,58.6,3971.0,58.8,3422.0,57.6,3933.0,58.6,4797.285714285715,82.67743851935651
2025-05-27,1775,5031.0,48.8,103.09426229508198,1,55.495911214953274,2.0,2.036056338028169,1,5,2,1,0,0,0,4,5342.0,53.8,4092.0,55.8,4135.0,57.6,3224.0,57.8,4931.428571428572,86.92899979960632
2025-05-28,1775,6288.0,51.6,121.86046511627907,1,56.983519717480874,2.0,2.0264788732394368,2,5,2,1,0,0,0,4,5031.0,48.8,3981.0,59.6,3859.0,58.6,4567.0,56.8,5261.0,94.79545167144292
2025-05-29,1750,6135.0,56.6,108.39222614840989,1,55.45687091017252,2.0,2.06,3,5,2,1,0,0,0,5,6288.0,51.6,5697.0,59.6,3833.0,59.6,4041.0,57.8,5323.571428571428,96.6247342180518
2025-05-30,1750,5180.0,56.6,91.51943462897526,0,56.5727002967359,2.0,2.0634285714285716,4,5,2,1,0,0,1,5,6135.0,56.6,4902.0,59.6,3745.0,57.8,3747.0,58.8,5363.285714285715,97.94917885824098
2025-06-02,1890,5156.0,55.8,92.40143369175628,0,57.188358045030206,2.0,2.0407407407407407,0,6,2,0,1,1,0,1,5180.0,56.6,6200.0,59.6,3927.0,56.8,3150.0,56.8,5214.142857142857,96.28840572312275
2025-06-03,1890,6004.0,54.8,109.56204379562044,1,57.713812154696136,2.0,2.110582010582011,1,6,2,0,1,0,0,1,5156.0,55.8,3367.0,58.6,5004.0,56.8,3722.0,55.6,5590.857142857143,103.73193513907438
2025-06-04,1890,5563.0,56.8,97.94014084507043,0,56.914694551458446,2.0,2.069312169312169,2,6,2,0,1,0,0,1,6004.0,54.8,5342.0,53.8,3971.0,58.8,2797.0,56.6,5622.428571428572,103.53857236017048
2025-06-05,1890,5864.0,56.8,103.23943661971832,1,57.03357182168409,2.0,2.1026455026455024,3,6,2,0,1,0,0,1,5563.0,56.8,5031.0,48.8,4092.0,55.8,3145.0,55.6,5741.428571428572,103.55931154940426
2025-06-06,1890,4629.0,55.6,83.25539568345323,0,57.72626931567329,2.0,2.1095238095238096,4,6,2,0,1,0,1,1,5864.0,56.8,6288.0,51.6,3981.0,59.6,5012.0,52.8,5504.428571428572,98.04430163042912
2025-06-09,1890,5623.0,58.6,95.9556313993174,0,55.554884742041715,2.0,2.077777777777778,0,6,2,0,1,1,0,2,4629.0,55.6,6135.0,56.6,5697.0,59.6,3478.0,51.6,5431.285714285715,96.26764523770161
2025-06-10,1890,5641.0,58.6,96.26279863481228,0,57.44799119427628,2.0,2.0915343915343914,1,6,2,0,1,0,0,2,5623.0,58.6,5180.0,56.6,4902.0,59.6,4165.0,55.8,5497.142857142857,96.9452686671069
2025-06-11,1890,5752.0,60.6,94.91749174917491,0,56.620441988950276,2.0,2.0613756613756613,2,6,2,0,1,0,0,2,5641.0,58.6,5156.0,55.8,6200.0,59.6,3782.0,55.6,5582.285714285715,97.30470553245243
2025-06-12,1890,6026.0,59.6,101.10738255033557,1,57.50138197899392,2.0,2.0952380952380953,3,6,2,0,1,0,0,2,5752.0,60.6,6004.0,54.8,3367.0,58.6,4523.0,55.6,5585.428571428572,96.09689678312603
2025-06-13,1890,4847.0,56.6,85.63604240282686,0,55.6646307606885,2.0,2.0481481481481483,4,6,2,0,1,0,1,2,6026.0,59.6,5563.0,56.8,5342.0,53.8,3750.0,51.6,5483.142857142857,94.3391684342341
2025-06-16,1890,5201.0,58.6,88.75426621160409,0,57.71186440677966,2.0,2.0973544973544973,0,6,2,0,1,1,0,3,4847.0,56.6,5864.0,56.8,5031.0,48.8,3798.0,56.6,5388.428571428572,92.26985837593205
2025-06-17,1890,5950.0,57.6,103.29861111111111,1,57.92900385250413,2.0,2.1084656084656084,1,6,2,0,1,0,0,3,5201.0,58.6,4629.0,55.6,6288.0,51.6,3422.0,57.6,5577.142857142857,95.13317486559747
2025-06-18,1890,5253.0,56.6,92.80918727915194,0,56.52195389681668,2.0,2.080952380952381,2,6,2,0,1,0,0,3,5950.0,57.6,5623.0,58.6,6135.0,56.6,4135.0,57.6,5524.285714285715,94.68368284843098
2025-06-19,1890,6626.0,57.6,115.03472222222221,1,57.637410861217774,2.0,2.094179894179894,3,6,2,0,1,0,0,3,5253.0,56.6,5641.0,58.6,5180.0,56.6,3859.0,58.6,5665.0,97.36538621806096
2025-06-20,1890,5514.0,54.6,100.98901098901099,1,55.31111111111111,2.0,2.0539682539682538,4,6,2,0,1,0,1,3,6626.0,57.6,5752.0,60.6,5156.0,55.8,3833.0,59.6,5631.0,98.23274610946612
2025-06-23,1890,7261.0,52.6,138.04182509505702,1,56.41785323110624,2.0,2.0444444444444443,0,6,2,0,1,1,0,4,5514.0,54.6,6026.0,59.6,6004.0,54.8,3745.0,57.8,5807.428571428572,103.50909504442632
2025-06-24,1890,5287.0,49.6,106.59274193548387,1,56.68484848484849,2.0,2.069312169312169,1,6,2,0,1,0,0,4,7261.0,52.6,4847.0,56.6,5563.0,56.8,3927.0,56.8,5870.285714285715,106.50290926337733
2025-06-25,2380,7655.0,48.6,157.5102880658436,1,58.259049280418665,3.0,2.119747899159664,2,6,2,1,1,0,0,4,5287.0,49.6,5201.0,58.6,5864.0,56.8,5004.0,56.8,6220.857142857143,116.32519809969726
2025-06-26,2380,6622.0,48.8,135.69672131147541,1,60.134119702927045,3.0,2.127310924369748,3,6,2,1,1,0,0,4,7655.0,48.6,5950.0,57.6,4629.0,55.6,3971.0,58.8,6316.857142857143,120.95349955689214
2025-06-27,2346,6583.0,53.6,122.81716417910448,1,58.56088888888889,3.0,2.1129582267689684,4,6,2,1,1,0,1,4,6622.0,48.8,5253.0,56.6,5623.0,58.6,4092.0,55.8,6506.857142857143,125.24035339974252
2025-06-30,2346,8082.0,56.6,142.79151943462898,1,58.011071744907,3.0,2.0946291560102304,0,6,2,1,1,1,0,5,6583.0,53.6,6626.0,57.6,5641.0,58.6,3981.0,59.6,6714.857142857143,129.20561014437206
2025-07-01,1173,2806.0,55.6,50.46762589928058,0,54.37466784765279,2.0,1.9744245524296675,1,7,3,0,0,0,0,1,8082.0,56.6,5514.0,54.6,5752.0,60.6,5697.0,59.6,6328.0,121.9882694172677
2025-07-02,1173,4378.0,55.6,78.7410071942446,0,55.49512843224092,2.0,2.0144927536231885,2,7,3,0,0,0,0,1,2806.0,55.6,7261.0,52.6,6026.0,59.6,4902.0,59.6,5916.142857142857,113.51672400286593
2025-07-03,1173,3233.0,53.6,60.31716417910447,0,55.02981029810298,2.0,2.020460358056266,3,7,3,0,0,0,0,1,4378.0,55.6,5287.0,49.6,4847.0,56.6,6200.0,59.6,5622.714285714285,106.905927180526
2025-07-04,1190,3730.0,56.6,65.90106007067138,0,53.88434782608696,2.0,1.9596638655462184,4,7,3,0,0,0,1,1,3233.0,53.6,7655.0,48.6,5201.0,58.6,3367.0,58.6,5062.0,93.81889460978712
2025-07-07,1190,3414.0,54.8,62.299270072992705,0,54.35464098073555,2.0,2.0134453781512605,0,7,3,0,0,1,0,1,3730.0,56.6,6622.0,48.8,5950.0,57.6,5342.0,53.8,4603.714285714285,83.33354443286103
2025-07-08,1190,3930.0,54.8,71.71532846715328,0,54.69947735191638,2.0,2.0025210084033613,1,7,3,0,0,0,0,2,3414.0,54.8,6583.0,53.6,5253.0,56.6,5031.0,48.8,4224.714285714285,76.03328218829657
2025-07-09,1190,3673.0,56.8,64.66549295774648,0,53.21640488656195,2.0,1.9974789915966387,2,7,3,0,0,0,0,2,3930.0,54.8,8082.0,56.6,6626.0,57.6,6288.0,51.6,3594.8571428571427,64.87242126302765
2025-07-10,1207,4227.0,58.8,71.88775510204081,0,52.470689655172414,2.0,1.971830985915493,3,7,3,0,0,0,0,2,3673.0,56.8,2806.0,55.6,5514.0,54.6,6135.0,56.6,3797.8571428571427,67.93243972056482
2025-07-11,1207,3451.0,56.8,60.75704225352113,0,57.369733447979364,2.0,2.052195526097763,4,7,3,0,0,0,1,2,4227.0,58.8,4378.0,55.6,7261.0,52.6,5180.0,56.6,3665.4285714285716,65.36330187189004
2025-07-14,1207,3681.0,59.0,62.389830508474574,0,53.92121212121212,2.0,1.9850869925434962,0,7,3,0,0,1,0,2,3451.0,56.8,3233.0,53.6,5287.0,49.6,5156.0,55.8,3729.4285714285716,65.65939706180005
2025-07-15,1207,3240.0,61.0,53.114754098360656,0,53.19220779220779,2.0,1.9751449875724938,1,7,3,0,0,0,0,3,3681.0,59.0,3730.0,56.6,7655.0,48.6,6004.0,54.8,3659.4285714285716,63.83278192289852
2025-07-16,1207,3984.0,62.8,63.439490445859875,0,52.11662315056571,2.0,1.9552609776304888,2,7,3,0,0,0,0,3,3240.0,61.0,3414.0,54.8,6622.0,48.8,5563.0,56.8,3740.8571428571427,63.995670547593825
2025-07-17,1207,4026.0,61.8,65.14563106796116,0,55.883318928262746,2.0,2.0140845070422535,3,7,3,0,0,0,0,3,3984.0,62.8,3930.0,54.8,6583.0,53.6,5864.0,56.8,3754.5714285714284,63.057142347709245
2025-07-18,1207,4038.0,60.8,66.41447368421053,0,52.56872852233677,2.0,1.972659486329743,4,7,3,0,0,0,1,3,4026.0,61.8,3673.0,56.8,8082.0,56.6,4629.0,55.6,3806.714285714286,63.3069967372041
2025-07-21,1207,3395.0,60.6,56.023102310231025,0,55.12793733681462,2.0,1.9975144987572493,0,7,3,0,0,1,0,3,4038.0,60.8,4227.0,58.8,2806.0,55.6,5623.0,58.6,3687.8571428571427,61.040617766945566
2025-07-22,1224,3541.0,61.6,57.48376623376623,0,54.64640410958904,2.0,2.025326797385621,1,7,3,0,0,0,0,4,3395.0,60.6,3451.0,56.8,4378.0,55.6,5641.0,58.6,3700.714285714286,60.57300690698058
2025-07-23,1224,5292.0,61.6,85.9090909090909,0,54.25591216216216,2.0,2.0008169934640523,2,7,3,0,0,0,0,4,3541.0,61.6,3681.0,59.0,3233.0,53.6,5752.0,60.6,3930.8571428571427,63.93290124992576
2025-07-24,1224,4395.0,57.6,76.30208333333333,0,54.93755346449957,2.0,2.0106209150326797,3,7,3,0,0,0,0,4,5292.0,61.6,3240.0,61.0,3730.0,56.6,6026.0,59.6,4095.8571428571427,67.24537685492187
2025-07-25,1491,4336.0,53.6,80.8955223880597,0,54.77209944751381,2.0,2.0181086519114686,4,7,3,1,0,0,1,4,4395.0,57.6,3984.0,62.8,3414.0,54.8,4847.0,56.6,4146.142857142857,69.73909570380756
2025-07-28,1491,4573.0,52.6,86.93916349809885,0,53.62578397212543,2.0,2.039570757880617,0,7,3,1,0,1,0,4,4336.0,53.6,4026.0,61.8,3930.0,54.8,5201.0,58.6,4224.285714285715,72.85245747954151
2025-07-29,1491,3038.0,57.6,52.74305555555556,0,54.1440618411806,2.0,2.0442655935613683,1,7,3,1,0,0,0,5,4573.0,52.6,4038.0,60.8,3673.0,56.8,5950.0,57.6,4081.4285714285716,70.89939774687652
2025-07-30,1491,5183.0,58.6,88.44709897610922,0,53.80390788555478,2.0,2.0308517773306507,2,7,3,1,0,0,0,5,3038.0,57.6,3395.0,60.6,4227.0,58.8,5253.0,56.6,4336.857142857143,75.5313972705734
2025-07-31,1491,6258.0,57.8,108.26989619377163,1,54.882720333102014,2.0,2.0409121395036887,3,7,3,1,0,0,0,5,5183.0,58.6,3541.0,61.6,3451.0,56.8,6626.0,57.6,4725.0,82.78655869343132
2025-08-01,1136,3691.0,57.8,63.858131487889274,0,54.32201834862385,2.0,2.012323943661972,4,8,3,0,0,0,1,1,6258.0,57.8,5292.0,61.6,3681.0,59.0,5514.0,54.6,4496.285714285715,79.63642163325964
2025-08-04,1136,3788.0,53.8,70.40892193308551,0,54.89092575618699,2.0,2.0299295774647885,0,8,3,0,0,1,0,1,3691.0,57.8,4395.0,57.6,3240.0,61.0,7261.0,52.6,4409.571428571428,78.79454143322424
2025-08-05,1136,3070.0,53.6,57.276119402985074,0,53.91347905282331,2.0,2.0017605633802815,1,8,3,0,0,0,0,1,3788.0,53.8,4336.0,53.6,3984.0,62.8,5287.0,49.6,4228.714285714285,75.42034100678502
2025-08-06,1136,4392.0,55.6,78.99280575539568,0,55.87177121771218,2.0,1.988556338028169,2,8,3,0,0,0,0,1,3070.0,53.6,4573.0,52.6,4026.0,61.8,7655.0,48.6,4202.857142857143,74.2851470435417
2025-08-07,1136,3455.0,54.6,63.27838827838828,0,54.236648250460405,2.0,2.0202464788732395,3,8,3,0,0,0,0,1,4392.0,55.6,3038.0,57.6,4038.0,60.8,6622.0,48.8,4262.428571428572,75.79019457537495
2025-08-08,1136,4253.0,53.6,79.34701492537313,0,52.85321100917431,2.0,1.9788732394366197,4,8,3,0,0,0,1,2,3455.0,54.6,5183.0,58.6,3395.0,60.6,6583.0,53.6,4129.571428571428,74.49018256812693
2025-08-11,1136,3134.0,57.6,54.40972222222222,0,53.22050816696915,2.0,1.9744718309859155,0,8,3,0,0,1,0,2,4253.0,53.6,6258.0,57.8,3541.0,61.6,8082.0,56.6,3683.285714285714,66.79587200076274
2025-08-12,1136,2778.0,58.6,47.406143344709896,0,56.3771849126035,2.0,2.0096830985915495,1,8,3,0,0,0,0,2,3134.0,57.6,3691.0,57.8,5292.0,61.6,2806.0,55.6,3552.8571428571427,64.44558798030855
2025-08-13,1136,3375.0,58.6,57.593856655290104,0,52.82486388384755,2.0,1.9964788732394365,2,8,3,0,0,0,0,2,2778.0,58.6,3788.0,53.8,4395.0,57.6,4378.0,55.6,3493.8571428571427,62.61486436919491
2025-08-14,1136,4469.0,57.6,77.58680555555556,0,53.17974452554745,2.0,1.9815140845070423,3,8,3,0,0,0,0,2,3375.0,58.6,3070.0,53.6,4336.0,53.6,3233.0,53.6,3693.714285714286,65.51639096241927
2025-08-15,1136,3812.0,57.6,66.18055555555556,0,53.023853211009175,2.0,1.9753521126760563,4,8,3,0,0,0,1,3,4469.0,57.6,4392.0,55.6,4573.0,52.6,3730.0,56.6,3610.8571428571427,63.68606950529925
2025-08-18,1136,5085.0,58.6,86.77474402730375,0,57.434742647058826,2.0,2.027288732394366,0,8,3,0,0,1,0,3,3812.0,57.6,3455.0,54.6,3038.0,57.6,3414.0,54.8,3843.714285714286,67.04269175514432
2025-08-19,1152,3559.0,56.8,62.65845070422535,0,53.813067150635206,2.0,1.984375,1,8,3,0,0,0,0,3,5085.0,58.6,4253.0,53.6,5183.0,58.6,3930.0,54.8,3744.5714285714284,64.6586111521232
2025-08-20,1152,4549.0,56.8,80.0880281690141,0,53.74014336917563,2.0,2.0208333333333335,2,8,3,0,0,0,0,3,3559.0,56.8,3134.0,57.6,6258.0,57.8,3673.0,56.8,3946.714285714286,68.32694057309347
2025-08-21,1152,3789.0,55.8,67.90322580645162,0,54.96087352138308,2.0,2.013888888888889,3,8,3,0,0,0,0,3,4549.0,56.8,2778.0,58.6,3691.0,57.8,4227.0,58.8,4091.1428571428573,71.25509521048515
2025-08-22,1152,3342.0,56.8,58.83802816901409,0,53.443151298119965,2.0,1.9861111111111112,4,8,3,0,0,0,1,4,3789.0,55.8,3375.0,58.6,3788.0,53.8,3451.0,56.8,4086.4285714285716,71.43283399816
2025-08-25,1440,5226.0,51.6,101.27906976744185,1,54.84149855907781,2.0,2.0409722222222224,0,8,3,1,0,1,0,4,3342.0,56.8,4469.0,57.6,3070.0,53.6,3681.0,59.0,4194.571428571428,74.81744317128661
2025-08-26,1440,3543.0,49.6,71.43145161290322,0,53.35956678700361,2.0,2.048611111111111,1,8,3,1,0,0,0,4,5226.0,51.6,3812.0,57.6,4392.0,55.6,3240.0,61.0,4156.142857142857,75.56757117947915
2025-08-27,1440,4440.0,47.8,92.88702928870293,0,55.06772334293948,2.0,2.0444444444444443,2,8,3,1,0,0,0,4,3543.0,49.6,5085.0,58.6,3455.0,54.6,3984.0,62.8,4064.0,76.44075478825046
2025-08-28,1440,3428.0,51.8,66.17760617760618,0,57.46666666666667,2.0,2.076388888888889,3,8,3,1,0,0,0,4,4440.0,47.8,3559.0,56.8,4253.0,53.6,4026.0,61.8,4045.285714285714,76.94349128444772
2025-08-29,1440,3602.0,55.8,64.55197132616487,0,54.258111031002166,2.0,2.0625,4,8,3,1,0,0,1,5,3428.0,51.8,4549.0,56.8,3134.0,57.6,4038.0,60.8,3910.0,74.7240545926121
2025-09-01,1944,5439.0,58.6,92.81569965870307,0,56.311625403659846,2.0,2.0910493827160495,0,9,3,0,1,1,0,1,3602.0,55.8,3789.0,55.8,2778.0,58.6,3395.0,60.6,4145.714285714285,78.28297942864802
2025-09-02,1944,5052.0,60.6,83.36633663366337,0,55.875,2.0,2.0853909465020575,1,9,3,0,1,0,0,1,5439.0,58.6,3342.0,56.8,3375.0,58.6,3541.0,61.6,4390.0,81.78702349502649
2025-09-03,1944,5972.0,60.6,98.54785478547855,0,56.95985010706638,2.0,2.0745884773662553,2,9,3,0,1,0,0,1,5052.0,60.6,5226.0,51.6,4469.0,57.6,5292.0,61.6,4496.571428571428,81.3968499261746
2025-09-04,1944,7114.0,59.6,119.36241610738254,1,55.35771920387305,2.0,2.057098765432099,3,9,3,0,1,0,0,1,5972.0,60.6,3543.0,49.6,3812.0,57.6,4395.0,57.6,5006.714285714285,88.24413056824308
2025-09-05,1944,5077.0,61.6,82.41883116883116,0,57.2672367717798,2.0,2.0915637860082303,4,9,3,0,1,0,1,1,7114.0,59.6,4440.0,47.8,5085.0,58.6,4336.0,53.6,5097.714285714285,86.74867369397568
2025-09-08,1944,5138.0,61.8,83.13915857605178,0,57.60223048327138,2.0,2.079732510288066,0,9,3,0,1,1,0,2,5077.0,61.6,3428.0,51.8,3559.0,56.8,4573.0,52.6,5342.0,89.17175260803933
2025-09-09,1944,6631.0,58.8,112.77210884353742,1,54.61800745871071,2.0,2.087962962962963,1,9,3,0,1,0,0,2,5138.0,61.8,3602.0,55.8,4549.0,56.8,3038.0,57.6,5774.714285714285,96.0603436819497
2025-09-10,1944,6475.0,61.8,104.77346278317152,1,55.52408993576017,2.0,2.1013374485596708,2,9,3,0,1,0,0,2,6631.0,58.8,5439.0,58.6,3789.0,55.8,5183.0,58.6,5922.714285714285,97.76859555687376
2025-09-11,1944,5277.0,58.8,89.74489795918367,0,56.11569362613819,2.0,2.065843621399177,3,9,3,0,1,0,0,2,6475.0,61.8,5052.0,60.6,3342.0,56.8,6258.0,57.8,5954.857142857143,98.67981860337667
2025-09-12,1971,5455.0,60.8,89.72039473684211,0,56.64063324538259,2.0,2.095383054287164,4,9,3,0,1,0,1,2,5277.0,58.8,5972.0,60.6,5226.0,51.6,3691.0,57.8,5881.0,97.4187528821429
2025-09-15,1971,5556.0,60.6,91.68316831683168,0,56.49657353716394,2.0,2.0928462709284625,0,9,3,0,1,1,0,3,5455.0,60.8,7114.0,59.6,3543.0,49.6,3788.0,53.8,5658.428571428572,93.4645746263499
2025-09-16,1971,6339.0,61.6,102.90584415584415,1,55.81438392384982,2.0,2.0913242009132422,1,9,3,0,1,0,0,3,5556.0,60.6,5077.0,61.6,4440.0,47.8,3070.0,53.6,5838.714285714285,96.39129076735176
2025-09-17,1971,5104.0,58.6,87.09897610921502,0,56.951451187335095,3.0,2.112633181126332,2,9,3,0,1,0,0,3,6339.0,61.6,5138.0,61.8,3428.0,51.8,4392.0,55.6,5833.857142857143,96.95697898637509
2025-09-18,1998,6840.0,58.6,116.7235494880546,1,55.125910509885536,2.0,2.0425425425425425,3,9,3,0,1,0,0,3,5104.0,58.6,6631.0,58.8,3602.0,55.8,3455.0,54.6,5863.714285714285,97.5214705070204
2025-09-19,1998,5764.0,59.6,96.71140939597315,0,57.65515436944008,2.0,2.089089089089089,4,9,3,0,1,0,1,3,6840.0,58.6,6475.0,61.8,5439.0,58.6,4253.0,53.6,5762.142857142857,96.36974859456348
2025-09-22,1998,5529.0,58.6,94.35153583617748,0,55.60041841004184,2.0,2.086086086086086,0,9,3,0,1,1,0,4,5764.0,59.6,5277.0,58.8,5052.0,60.6,3134.0,57.6,5798.142857142857,97.02783971984832
2025-09-23,1998,5720.0,59.6,95.97315436241611,0,54.6484375,2.0,2.071071071071071,1,9,3,0,1,0,0,4,5529.0,58.6,5455.0,60.8,5972.0,60.6,2778.0,58.6,5836.0,97.92109109493033
2025-09-24,1998,6186.0,57.6,107.39583333333333,1,56.50831600831601,2.0,2.0675675675675675,2,9,3,0,1,0,0,4,5720.0,59.6,5556.0,60.6,7114.0,59.6,3375.0,58.6,5926.0,100.16575752585912
2025-09-25,2516,8759.0,57.6,152.06597222222223,1,57.309444904722454,3.0,2.124403815580286,3,9,3,1,1,0,0,4,6186.0,57.6,6339.0,61.6,5077.0,61.6,4469.0,57.6,6271.714285714285,107.18863296391312
2025-09-26,2516,7340.0,56.6,129.68197879858656,1,57.66721785861927,3.0,2.1216216216216215,4,9,3,1,1,0,1,4,8759.0,57.6,5104.0,58.6,5138.0,61.8,3812.0,57.6,6591.142857142857,113.27191906239477
2025-09-29,2516,7128.0,57.6,123.75,1,57.64244426094137,3.0,2.108108108108108,0,9,3,1,1,1,0,5,7340.0,56.6,6840.0,58.6,6631.0,58.8,5085.0,58.6,6632.285714285715,114.27569770695838
2025-09-30,2482,7051.0,58.6,120.32423208191126,1,58.25399495374264,3.0,2.1257050765511685,1,9,3,1,1,0,0,5,7128.0,57.6,5764.0,59.6,6475.0,61.8,3559.0,56.8,6816.142857142857,117.64895809066385
2025-10-01,1241,3922.0,59.8,65.58528428093646,0,54.426520270270274,2.0,1.9983883964544722,2,10,4,0,0,0,0,1,7051.0,58.6,5529.0,58.6,5277.0,58.8,4549.0,56.8,6586.571428571428,113.53949358277227
2025-10-02,1241,4516.0,60.0,75.26666666666667,0,52.31684828164292,2.0,1.974214343271555,3,10,4,0,0,0,0,1,3922.0,59.8,5720.0,59.6,5455.0,60.8,3789.0,55.8,6414.571428571428,110.5814239119509
2025-10-03,1241,3294.0,58.8,56.02040816326531,0,55.395641240569994,2.0,2.009669621273167,4,10,4,0,0,0,1,1,4516.0,60.0,6186.0,57.6,5556.0,60.6,3342.0,56.8,6001.428571428572,103.24207745908407
2025-10-06,1241,3736.0,59.8,62.47491638795987,0,50.354729729729726,2.0,1.975020145044319,0,10,4,0,0,1,0,1,3294.0,58.8,8759.0,57.6,6339.0,61.6,5226.0,51.6,5283.857142857143,90.44335519704659
2025-10-07,1224,3529.0,57.6,61.26736111111111,0,55.31196581196581,2.0,2.043300653594771,1,10,4,0,0,0,0,1,3736.0,59.8,7340.0,56.6,5104.0,58.6,3543.0,49.6,4739.428571428572,80.66983838455009
2025-10-08,1241,4240.0,56.6,74.91166077738515,0,53.685402684563755,2.0,2.0201450443190976,2,10,4,0,0,0,0,2,3529.0,57.6,7128.0,57.6,6840.0,58.6,4440.0,47.8,4326.857142857143,73.69293278131941
2025-10-09,1241,4728.0,57.6,82.08333333333333,0,54.68006700167504,2.0,1.983883964544722,3,10,4,0,0,0,0,2,4240.0,56.6,7051.0,58.6,5764.0,59.6,3428.0,51.8,3995.0,68.22994724580828
2025-10-10,1241,3458.0,57.6,60.03472222222222,0,55.66276150627615,2.0,2.015310233682514,4,10,4,0,0,0,1,2,4728.0,57.6,3922.0,59.8,5529.0,58.6,3602.0,55.8,3928.714285714286,67.43700980884908
2025-10-13,1241,5955.0,61.6,96.67207792207792,0,51.27318295739348,2.0,1.9669621273166802,0,10,4,0,0,1,0,2,3458.0,57.6,4516.0,60.0,5720.0,59.6,5439.0,58.6,4134.285714285715,70.49492570247926
2025-10-14,1241,3916.0,60.8,64.40789473684211,0,54.4685666387259,2.0,1.9951651893634166,1,10,4,0,0,0,0,2,5955.0,61.6,3294.0,58.8,6186.0,57.6,5052.0,60.6,4223.142857142857,71.6931380701331
2025-10-15,1241,3022.0,59.8,50.53511705685619,0,52.47626977518734,2.0,1.9613215149073329,2,10,4,0,0,0,0,3,3916.0,60.8,3736.0,59.8,8759.0,57.6,5972.0,60.6,4121.142857142857,69.987452451404
2025-10-16,1241,4951.0,59.8,82.79264214046823,0,53.587047939444915,2.0,2.016116035455278,3,10,4,0,0,0,0,3,3022.0,59.8,3529.0,57.6,7340.0,56.6,7114.0,59.6,4324.285714285715,73.06249259845502
2025-10-17,1241,3221.0,57.8,55.72664359861592,0,53.55639730639731,2.0,1.9645447219983885,4,10,4,0,0,0,1,3,4951.0,59.8,4240.0,56.6,7128.0,57.6,5077.0,61.6,4178.714285714285,70.32177585863084
2025-10-20,1241,4071.0,61.8,65.873786407767,0,53.852036575228595,2.0,1.9935535858178888,0,10,4,0,0,1,0,3,3221.0,57.8,4728.0,57.6,7051.0,58.6,5138.0,61.8,4084.8571428571427,68.00612629783566
2025-10-21,1241,4022.0,62.6,64.24920127795527,0,53.39071729957806,2.0,1.9879129734085415,1,10,4,0,0,0,0,3,4071.0,61.8,3458.0,57.6,3922.0,59.8,6631.0,58.8,4165.428571428572,68.60819473436895
2025-10-22,1241,3295.0,61.6,53.49025974025974,0,54.14035087719298,2.0,2.0112812248186946,2,10,4,0,0,0,0,4,4022.0,62.6,5955.0,61.6,4516.0,60.0,6475.0,61.8,3785.4285714285716,62.43936356553778
2025-10-23,1241,3990.0,63.6,62.73584905660377,0,53.47949790794979,2.0,1.9613215149073329,3,10,4,0,0,0,0,4,3295.0,61.6,3916.0,60.8,3294.0,58.8,5277.0,58.8,3796.0,62.2004998969323
2025-10-24,1241,4573.0,64.6,70.78947368421053,0,55.66218487394958,2.0,2.007252215954875,4,10,4,0,0,0,1,4,3990.0,63.6,3022.0,59.8,3736.0,59.8,5455.0,60.8,4017.5714285714284,65.09397941512579
2025-10-27,1606,5090.0,59.6,85.40268456375838,0,55.022092267706306,2.0,2.031755915317559,0,10,4,1,0,1,0,4,4573.0,64.6,4951.0,59.8,3529.0,57.6,5556.0,60.6,4037.4285714285716,65.46684261845294
2025-10-28,1606,4540.0,59.6,76.1744966442953,0,56.21145087833442,2.0,2.0915317559153177,1,10,4,1,0,0,0,4,5090.0,59.6,3221.0,57.8,4240.0,56.6,6339.0,61.6,4225.857142857143,68.38796448212142
2025-10-29,1606,6724.0,61.6,109.15584415584415,1,55.715210355987054,2.0,2.0660024906600247,2,10,4,1,0,0,0,5,4540.0,59.6,4071.0,61.8,4728.0,57.6,5104.0,58.6,4604.857142857143,74.5711155889896
2025-10-30,1606,5181.0,59.6,86.92953020134227,0,56.06023316062176,2.0,2.0460772104607723,3,10,4,1,0,0,0,5,6724.0,61.6,4022.0,62.6,3458.0,57.6,6840.0,58.6,4770.428571428572,77.81116257804489
2025-10-31,1584,4723.0,58.6,80.59726962457337,0,55.01318391562294,2.0,2.029040404040404,4,10,4,1,0,0,1,5,5181.0,59.6,3295.0,61.6,5955.0,61.6,5764.0,59.6,4974.428571428572,81.68359256151825
2025-11-03,1440,4713.0,62.6,75.28753993610223,0,55.18804034582133,2.0,2.0104166666666665,0,11,4,0,0,1,0,1,4723.0,58.6,3990.0,63.6,3916.0,60.8,5529.0,58.6,5077.714285714285,83.47669125858945
2025-11-04,1440,4545.0,62.6,72.60383386581469,0,52.43948126801153,2.0,1.9895833333333333,1,11,4,0,0,0,0,1,4713.0,62.6,4573.0,64.6,3022.0,59.8,5720.0,59.6,5073.714285714285,83.7358855702472
2025-11-05,1440,4132.0,63.6,64.96855345911949,0,54.64684554024655,2.0,1.9958333333333333,2,11,4,0,0,0,0,1,4545.0,62.6,5090.0,59.6,4951.0,59.8,6186.0,57.6,4936.857142857143,80.81672398387022
2025-11-06,1440,4504.0,61.6,73.11688311688312,0,54.023895727733525,2.0,1.9972222222222222,3,11,4,0,0,0,0,1,4132.0,63.6,4540.0,59.6,3221.0,57.8,8759.0,57.6,4931.714285714285,80.37992205138276
2025-11-07,1440,4211.0,62.6,67.26837060702876,0,55.86862885857861,2.0,2.0215277777777776,4,11,4,0,0,0,1,1,4504.0,61.6,6724.0,61.6,4071.0,61.8,7340.0,56.6,4572.714285714285,74.39599725869483
2025-11-10,1460,5253.0,59.6,88.13758389261744,0,54.62902072909221,2.0,1.9801369863013698,0,11,4,0,0,1,0,2,4211.0,62.6,5181.0,59.6,4022.0,62.6,7128.0,57.6,4583.0,74.56857635744845
2025-11-11,1460,4970.0,57.6,86.28472222222221,0,56.204139900071375,2.0,2.028082191780822,1,11,4,0,0,0,0,2,5253.0,59.6,4723.0,58.6,3295.0,61.6,7051.0,58.6,4618.285714285715,75.38106958568399
2025-11-12,1460,4176.0,57.6,72.5,0,54.789549033643524,2.0,2.01986301369863,2,11,4,0,0,0,0,2,4970.0,57.6,4713.0,62.6,3990.0,63.6,3922.0,59.8,4541.571428571428,74.98284959481224
2025-11-13,1460,3342.0,58.6,57.03071672354949,0,52.8781006378455,2.0,2.0027397260273974,3,11,4,0,0,0,0,2,4176.0,57.6,4545.0,62.6,4573.0,64.6,4516.0,60.0,4369.714285714285,72.75811857448865
2025-11-14,1460,3502.0,60.6,57.788778877887786,0,55.792665726375176,2.0,2.004794520547945,4,11,4,0,0,0,1,2,3342.0,58.6,4132.0,63.6,5090.0,59.6,3294.0,58.8,4279.714285714285,71.73243649145554
2025-11-17,1460,4806.0,62.6,76.77316293929712,0,53.37482014388489,2.0,2.004794520547945,0,11,4,0,0,1,0,3,3502.0,60.6,4504.0,61.6,4540.0,59.6,3736.0,59.8,4322.857142857143,72.25476218037183
2025-11-18,1460,5106.0,62.6,81.56549520766772,0,53.10752688172043,2.0,1.973972602739726,1,11,4,0,0,0,0,3,4806.0,62.6,4211.0,62.6,6724.0,61.6,3529.0,57.6,4450.714285714285,74.29720855189169
2025-11-19,1460,4701.0,63.6,73.91509433962264,0,54.00214132762313,2.0,1.9958904109589042,2,11,4,0,0,0,0,3,5106.0,62.6,5253.0,59.6,5181.0,59.6,4240.0,56.6,4371.857142857143,72.26542433003529
2025-11-20,1460,5113.0,61.6,83.00324675324676,0,54.60301507537689,2.0,2.0184931506849315,3,11,4,0,0,0,0,3,4701.0,63.6,4970.0,57.6,4723.0,58.6,4728.0,57.6,4392.285714285715,71.79664212018164
2025-11-21,1533,4375.0,61.6,71.02272727272727,0,54.014218009478675,2.0,1.9973907371167645,4,11,4,0,0,0,1,3,5113.0,61.6,4176.0,57.6,4713.0,62.6,3458.0,57.6,4420.714285714285,71.58560315914268
2025-11-24,1533,6056.0,57.8,104.77508650519032,1,52.30790006752194,2.0,2.001304631441618,0,11,4,0,0,1,0,4,4375.0,61.6,3342.0,58.6,4545.0,62.6,5955.0,61.6,4808.428571428572,78.4062274136628
2025-11-25,1898,4601.0,56.8,81.00352112676056,0,53.932129173508486,2.0,2.0368809272918864,1,11,4,1,0,0,0,4,6056.0,57.8,3502.0,60.6,4132.0,63.6,3916.0,60.8,4965.428571428572,81.72261916350178
2025-11-26,1898,4335.0,57.8,75.0,0,55.47710976282405,2.0,2.053740779768177,2,11,4,1,0,0,0,4,4601.0,56.8,4806.0,62.6,4504.0,61.6,3022.0,59.8,4898.142857142857,81.46931017217362
2025-11-27,1898,5669.0,58.8,96.41156462585035,0,55.929515418502206,2.0,2.046891464699684,3,11,4,1,0,0,0,4,4335.0,57.8,5106.0,62.6,4211.0,62.6,4951.0,59.8,4978.571428571428,83.59017723191398
2025-11-28,1898,6241.0,60.0,104.01666666666667,1,55.28140427866155,2.0,2.059009483667018,4,11,4,1,0,0,1,4,5669.0,58.8,4701.0,63.6,5253.0,59.6,3221.0,57.8,5198.571428571428,87.89040185006313
2025-12-01,2044,5778.0,61.6,93.7987012987013,0,56.6036308623298,2.0,2.095890410958904,0,12,4,0,1,1,0,1,6241.0,60.0,5113.0,61.6,4970.0,57.6,4071.0,61.8,5293.571428571428,89.43260964227092
2025-12-02,2044,6566.0,61.6,106.5909090909091,1,56.12340642529322,2.0,2.059686888454012,1,12,4,0,1,0,0,1,5778.0,61.6,4375.0,61.6,4176.0,57.6,4022.0,62.6,5606.571428571428,94.51377847343976
2025-12-03,2044,5885.0,61.6,95.53571428571428,0,55.890973630831645,2.0,2.0772994129158513,2,12,4,0,1,0,0,1,6566.0,61.6,6056.0,57.8,3342.0,58.6,3295.0,61.6,5582.142857142857,93.19386815637175
2025-12-04,2044,6356.0,59.6,106.64429530201342,1,56.44602851323829,2.0,2.0768101761252447,3,12,4,0,1,0,0,1,5885.0,61.6,4601.0,56.8,3502.0,60.6,3990.0,63.6,5832.857142857143,96.85683589569359
2025-12-05,2044,5616.0,57.6,97.5,0,57.09285714285714,2.0,2.0577299412915853,4,12,4,0,1,0,1,1,6356.0,59.6,4335.0,57.8,4806.0,62.6,4573.0,64.6,6015.857142857143,100.0711216099793
2025-12-08,2072,5621.0,57.6,97.58680555555556,0,56.32064128256513,2.0,2.083011583011583,0,12,4,0,1,1,0,2,5616.0,57.6,5669.0,58.8,5106.0,62.6,5090.0,59.6,6009.0,100.23901317136576
2025-12-09,2072,5953.0,57.6,103.35069444444444,1,57.49247743229689,2.0,2.082046332046332,1,12,4,0,1,0,0,2,5621.0,57.6,6241.0,60.0,4701.0,63.6,4540.0,59.6,5967.857142857143,100.14387428247687
2025-12-10,2072,6316.0,58.6,107.7815699658703,1,56.26955655206776,2.0,2.0719111969111967,2,12,4,0,1,0,0,2,5953.0,57.6,5778.0,61.6,5113.0,61.6,6724.0,61.6,6044.714285714285,102.1414269492153
2025-12-11,2072,6468.0,59.6,108.52348993288591,1,57.16507777220271,2.0,2.093146718146718,3,12,4,0,1,0,0,2,6316.0,58.6,6566.0,61.6,4375.0,61.6,5181.0,59.6,6030.714285714285,102.41750992664056
2025-12-12,2072,6654.0,57.6,115.52083333333333,1,57.97985901309164,3.0,2.1066602316602316,4,12,4,0,1,0,1,2,6468.0,59.6,5885.0,61.6,6056.0,57.8,4723.0,58.6,6140.571428571428,105.27252693344327
2025-12-15,2072,4692.0,57.6,81.45833333333333,0,56.6404833836858,2.0,2.0834942084942085,0,12,4,0,1,1,0,3,6654.0,57.6,6356.0,59.6,4601.0,56.8,4713.0,62.6,5902.857142857143,101.67453236648898
2025-12-16,2072,5657.0,59.6,94.91610738255034,0,55.75620655412115,2.0,2.0526061776061777,1,12,4,0,1,0,0,3,4692.0,57.6,5616.0,57.6,4335.0,57.8,4545.0,62.6,5908.714285714285,101.30540484971046
2025-12-17,2072,7756.0,63.6,121.9496855345912,1,56.79087261785356,2.0,2.083976833976834,2,12,4,0,1,0,0,3,5657.0,59.6,5621.0,57.6,5669.0,58.8,4132.0,63.6,6213.714285714285,104.78581627528698
2025-12-18,2072,4497.0,63.6,70.70754716981132,0,57.929542023150475,2.5,2.093146718146718,3,12,4,0,1,0,0,3,7756.0,63.6,5953.0,57.6,6241.0,60.0,4504.0,61.6,6005.714285714285,100.12250952176795
2025-12-19,2072,6160.0,65.6,93.90243902439025,0,57.25637181409295,2.0,2.08011583011583,4,12,4,0,1,0,1,3,4497.0,63.6,6316.0,58.6,5778.0,61.6,4211.0,62.6,5983.428571428572,98.13977653012795
2025-12-22,2072,5824.0,65.6,88.78048780487805,0,56.16130653266332,2.0,2.0487451737451736,0,12,4,0,1,1,0,4,6160.0,65.6,6468.0,59.6,6566.0,61.6,5253.0,59.6,5891.428571428572,95.31934765469826
2025-12-23,2072,6686.0,67.6,98.90532544378699,0,58.13927855711423,2.0,2.1042471042471043,1,12,4,0,1,0,0,4,5824.0,65.6,6654.0,57.6,5885.0,61.6,4970.0,57.6,5896.0,92.94570367047736
2025-12-24,2072,4367.0,60.6,72.06270627062706,0,56.90877192982456,2.0,2.0974903474903477,2,12,4,0,1,0,0,4,6686.0,67.6,4692.0,57.6,6356.0,59.6,4176.0,57.6,5849.571428571428,91.60347123294788
2025-12-25,2590,7853.0,61.6,127.48376623376623,1,58.07747892412686,3.0,2.1204633204633203,3,12,4,1,1,0,0,4,4367.0,60.6,5657.0,59.6,5616.0,57.6,3342.0,58.6,6163.285714285715,96.25599392597873
2025-12-26,2590,7243.0,56.6,127.96819787985865,1,56.99919903884662,3.0,2.137837837837838,4,12,4,1,1,0,1,4,7853.0,61.6,7756.0,63.6,5621.0,57.6,3502.0,60.6,6090.0,97.11578140387407
2025-12-29,2590,8349.0,48.8,171.0860655737705,1,58.02724358974359,3.0,2.1305019305019304,0,12,4,1,1,1,0,5,7243.0,56.6,4497.0,63.6,5953.0,57.6,4806.0,62.6,6640.285714285715,111.45556974729682
2025-12-30,2590,7292.0,49.8,146.42570281124497,1,59.07874648453194,3.0,2.1455598455598457,1,12,4,1,1,0,0,5,8349.0,48.8,6160.0,65.6,6316.0,58.6,5106.0,62.6,6802.0,118.95889314541894
2025-12-31,2590,7667.0,53.8,142.50929368029742,1,58.40321285140562,3.0,2.114671814671815,2,12,4,1,1,0,0,5,7292.0,49.8,5824.0,65.6,6468.0,59.6,4701.0,63.6,7065.285714285715,126.6344368419074
2026-01-01,1332,4157.0,54.6,76.13553113553114,0,52.96503496503497,2.0,1.9894894894894894,3,1,1,0,0,0,0,1,7667.0,53.8,6686.0,67.6,6654.0,57.6,5113.0,61.6,6704.0,123.38160908358513
2026-01-02,1332,4421.0,57.6,76.75347222222221,0,54.48162627052385,2.0,2.0067567567567566,4,1,1,0,0,0,1,1,4157.0,54.6,4367.0,60.6,4692.0,57.6,4375.0,61.6,6711.714285714285,124.0517185052416
2026-01-05,1350,3494.0,64.6,54.08668730650155,0,55.31514219830899,2.0,2.0525925925925925,0,1,1,0,0,1,0,1,4421.0,57.6,7853.0,61.6,5657.0,59.6,6056.0,57.8,6089.0,113.56642151563236
2026-01-06,1350,3895.0,62.6,62.22044728434505,0,53.70284834488068,2.0,2.011851851851852,1,1,1,0,0,0,0,1,3494.0,64.6,7243.0,56.6,7756.0,63.6,4601.0,56.8,5610.714285714285,104.17388571627328
2026-01-07,1350,4497.0,61.6,73.00324675324676,0,54.82203389830509,2.0,1.997037037037037,2,1,1,0,0,0,0,1,3895.0,62.6,8349.0,48.8,4497.0,63.6,4335.0,57.8,5060.428571428572,90.16205445619845
2026-01-08,1350,4000.0,61.6,64.93506493506493,0,55.52689010132502,2.0,2.0244444444444443,3,1,1,0,0,0,0,2,4497.0,61.6,7292.0,49.8,6160.0,65.6,5669.0,58.8,4590.142857142857,78.52053475960129
2026-01-09,1350,4480.0,59.6,75.16778523489933,0,56.945862335653516,2.0,2.065185185185185,4,1,1,0,0,0,1,2,4000.0,61.6,7667.0,53.8,5824.0,65.6,6241.0,60.0,4134.857142857143,68.90031926740157
2026-01-12,1332,5076.0,57.6,88.125,0,53.77297721916732,2.0,1.9782282282282282,0,1,1,0,0,1,0,2,4480.0,59.6,4157.0,54.6,6686.0,67.6,5778.0,61.6,4266.142857142857,70.61310053375426
2026-01-13,1332,4697.0,57.6,81.54513888888889,0,54.97274143302181,2.0,2.0045045045045047,1,1,1,0,0,0,0,2,5076.0,57.6,4421.0,57.6,4367.0,60.6,6566.0,61.6,4305.571428571428,71.29762434327807
2026-01-14,1332,4430.0,56.6,78.26855123674912,0,53.713838936669276,2.0,2.024024024024024,2,1,1,0,0,0,0,2,4697.0,57.6,3494.0,64.6,7853.0,61.6,5885.0,61.6,4439.285714285715,74.75217633331343
2026-01-15,1332,5426.0,59.6,91.04026845637584,0,55.06136900078678,2.0,2.018018018018018,3,1,1,0,0,0,0,3,4430.0,56.6,3895.0,62.6,7243.0,56.6,6356.0,59.6,4658.0,78.86929364360356
2026-01-16,1332,4392.0,59.6,73.69127516778524,0,54.6312893081761,2.0,2.0262762762762763,4,1,1,0,0,0,1,3,5426.0,59.6,4497.0,61.6,8349.0,48.8,5616.0,57.6,4643.0,78.96758341710904
2026-01-19,1332,3255.0,61.6,52.840909090909086,0,54.61867704280156,2.0,2.024774774774775,0,1,1,0,0,1,0,3,4392.0,59.6,4000.0,61.6,7292.0,49.8,5621.0,57.6,4536.571428571428,77.23984686794392
2026-01-20,1314,3600.0,58.6,61.43344709897611,0,52.276545166402535,2.0,2.0053272450532726,1,1,1,0,0,0,0,3,3255.0,61.6,4480.0,59.6,7667.0,53.8,5953.0,57.6,4410.857142857143,75.27779856281204
2026-01-21,1314,3371.0,60.6,55.62706270627063,0,53.63320158102767,2.0,1.982496194824962,2,1,1,0,0,0,0,3,3600.0,58.6,5076.0,57.6,4157.0,54.6,6316.0,58.6,4167.285714285715,70.63523609227927
2026-01-22,1314,3607.0,59.6,60.52013422818792,0,52.80650277557494,2.0,1.9885844748858448,3,1,1,0,0,0,0,4,3371.0,60.6,4697.0,57.6,4421.0,57.6,6468.0,59.6,4011.5714285714284,67.63166399789343
2026-01-23,1314,4385.0,63.6,68.94654088050315,0,53.23686274509804,2.0,2.0136986301369864,4,1,1,0,0,0,1,4,3607.0,59.6,4430.0,56.6,3494.0,64.6,6654.0,57.6,4005.1428571428573,66.29994823271542
2026-01-26,1606,6113.0,55.6,109.94604316546763,1,53.941138421733505,2.0,2.0423412204234124,0,1,1,1,0,1,0,4,4385.0,63.6,5426.0,59.6,3895.0,62.6,4692.0,57.6,4103.285714285715,69.00077319115711
2026-01-27,1606,4474.0,52.6,85.05703422053232,0,55.55132343447385,2.0,2.0809464508094644,1,1,1,1,0,0,0,4,6113.0,55.6,4392.0,59.6,4497.0,61.6,5657.0,59.6,4115.0,70.62445305583526
2026-01-28,1606,5590.0,52.6,106.27376425855513,1,54.40912010276172,2.0,2.0579078455790785,2,1,1,1,0,0,0,4,4474.0,52.6,3255.0,61.6,4000.0,61.6,7756.0,63.6,4448.571428571428,78.2577180797847
2026-01-29,1606,6066.0,53.6,113.17164179104478,1,55.605962410887884,2.0,2.0591531755915318,3,1,1,1,0,0,0,5,5590.0,52.6,3600.0,58.6,4480.0,59.6,4497.0,63.6,4800.857142857143,85.64888875008023
2026-01-30,1606,4511.0,56.6,79.69964664310955,0,54.01811125485123,2.0,2.0205479452054793,4,1,1,1,0,0,1,5,6066.0,53.6,3371.0,60.6,5076.0,57.6,6160.0,65.6,4963.714285714285,89.0878293124858
2026-02-02,1533,4887.0,55.6,87.89568345323741,0,53.180440771349865,2.0,2.0,0,2,1,0,0,1,0,1,4511.0,56.6,3607.0,59.6,4697.0,57.6,5824.0,65.6,5146.571428571428,92.99862205892143
2026-02-03,1533,4393.0,53.6,81.9589552238806,0,53.619306594153635,2.0,2.01174168297456,1,2,1,0,0,0,0,1,4887.0,55.6,4385.0,63.6,4430.0,56.6,6686.0,67.6,5147.714285714285,94.85753839368962
2026-02-04,1533,5212.0,54.6,95.45787545787546,0,53.522528581035644,2.0,1.9830397912589692,2,2,1,0,0,0,0,1,4393.0,53.6,6113.0,55.6,5426.0,59.6,4367.0,60.6,5019.0,92.7878001497479
2026-02-05,1533,5046.0,56.6,89.15194346289752,0,53.2043301759134,2.0,2.0045662100456623,3,2,1,0,0,0,0,1,5212.0,54.6,4474.0,52.6,4392.0,59.6,7853.0,61.6,5100.714285714285,93.3727871843715
2026-02-06,1533,4220.0,57.6,73.26388888888889,0,51.67457627118644,2.0,1.9915198956294846,4,2,1,0,0,0,1,1,5046.0,56.6,5590.0,52.6,3255.0,61.6,7243.0,56.6,4905.0,88.6570907029906
2026-02-09,1533,4480.0,61.6,72.72727272727272,0,52.861930294906166,2.0,1.979778212654925,0,2,1,0,0,1,0,2,4220.0,57.6,6066.0,53.6,3600.0,58.6,8349.0,48.8,4678.428571428572,82.87932369388031
2026-02-10,1533,4321.0,60.6,71.3036303630363,0,53.85202702702703,2.0,2.0182648401826486,1,2,1,0,0,0,0,2,4480.0,61.6,4511.0,56.6,3371.0,60.6,7292.0,49.8,4651.285714285715,81.67989279672699
2026-02-11,1533,3963.0,59.6,66.49328859060402,0,51.30779569892473,2.0,1.995433789954338,2,2,1,0,0,0,0,2,4321.0,60.6,4887.0,55.6,3607.0,59.6,7667.0,53.8,4519.285714285715,78.62240781635079
2026-02-12,1533,3988.0,58.6,68.05460750853243,0,52.96934604904632,2.0,1.9908675799086757,3,2,1,0,0,0,0,2,3963.0,59.6,4393.0,53.6,4385.0,63.6,4157.0,54.6,4461.428571428572,76.6360724284439
2026-02-13,1533,4549.0,60.6,75.06600660066006,0,53.806517311608964,2.0,2.0136986301369864,4,2,1,0,0,0,1,2,3988.0,58.6,5212.0,54.6,6113.0,55.6,4421.0,57.6,4366.714285714285,73.72294830598456
2026-02-16,1533,4930.0,56.6,87.10247349823321,0,54.37347767253045,2.0,2.024787997390737,0,2,1,0,0,1,0,3,4549.0,60.6,5046.0,56.6,4474.0,52.6,3494.0,64.6,4350.142857142857,73.4301668824611
2026-02-17,1533,4739.0,55.6,85.23381294964028,0,53.87627464309993,2.0,1.9869536855838226,1,2,1,0,0,0,0,3,4930.0,56.6,4220.0,57.6,5590.0,52.6,3895.0,62.6,4424.285714285715,75.140156033997
2026-02-18,1533,3975.0,58.6,67.83276450511946,0,53.37314439946019,2.0,2.0130463144161777,2,2,1,0,0,0,0,3,4739.0,55.6,4480.0,61.6,6066.0,53.6,4497.0,61.6,4352.142857142857,74.4409405736894
2026-02-19,1533,3737.0,57.6,64.87847222222221,0,52.59824442943957,2.0,2.0287018917155906,3,2,1,0,0,0,0,3,3975.0,58.6,4321.0,60.6,4511.0,56.6,4000.0,61.6,4268.714285714285,73.52306083928738
2026-02-20,1533,4843.0,56.6,85.56537102473499,0,53.72993197278912,2.0,1.9980430528375734,4,2,1,0,0,0,1,3,3737.0,57.6,3963.0,59.6,4887.0,55.6,4480.0,59.6,4394.428571428572,76.24764404416324
2026-02-23,1533,5040.0,53.6,94.02985074626865,0,53.02028397565923,2.0,1.9863013698630136,0,2,1,0,0,1,0,4,4843.0,56.6,3988.0,58.6,4393.0,53.6,5076.0,57.6,4544.714285714285,79.95839307812555
2026-02-24,1533,4059.0,51.6,78.66279069767441,0,53.81216216216216,2.0,1.9928245270711025,1,2,1,0,0,0,0,4,5040.0,53.6,4549.0,60.6,5212.0,54.6,4697.0,57.6,4474.714285714285,80.47221937769903
2026-02-25,1898,7491.0,58.6,127.83276450511946,1,55.07611693325979,2.0,2.0331928345626977,2,2,1,1,0,0,0,4,4059.0,51.6,4930.0,56.6,5046.0,56.6,4430.0,56.6,4840.571428571428,86.29083237868278
2026-02-26,1898,5891.0,56.6,104.08127208480565,1,54.345794392523366,2.0,2.0326659641728133,3,2,1,1,0,0,0,4,7491.0,58.6,4739.0,55.6,4220.0,57.6,5426.0,59.6,5005.142857142857,88.98332654084926
2026-02-27,1898,6038.0,53.6,112.64925373134328,1,53.428807036833426,2.0,2.0221285563751317,4,2,1,1,0,0,1,4,5891.0,56.6,3975.0,58.6,4480.0,61.6,4392.0,59.6,5299.857142857143,95.38568214459552
2026-03-02,2044,5284.0,52.6,100.45627376425855,1,55.20945602440264,2.0,2.065068493150685,0,3,1,0,1,1,0,1,6038.0,53.6,3737.0,57.6,4321.0,60.6,3255.0,61.6,5520.857142857143,100.46822522202929
2026-03-03,2044,5548.0,51.6,107.51937984496124,1,55.276985743380855,2.0,2.081702544031311,1,3,1,0,1,0,0,1,5284.0,52.6,4843.0,56.6,3963.0,59.6,3600.0,58.6,5621.571428571428,103.60451219634732
2026-03-04,2044,6881.0,51.6,133.35271317829458,1,55.53567787971458,2.0,2.089041095890411,2,3,1,0,1,0,0,1,5548.0,51.6,5040.0,53.6,3988.0,58.6,3371.0,60.6,5884.571428571428,109.22206397235102
2026-03-05,2044,6076.0,53.8,112.9368029739777,1,56.11842105263158,2.0,2.083170254403131,3,3,1,0,1,0,0,1,6881.0,51.6,4059.0,51.6,4549.0,60.6,3607.0,59.6,6172.714285714285,114.11835144039435
2026-03-06,2044,6260.0,59.8,104.68227424749165,1,57.77624167946749,2.0,2.0870841487279845,4,3,1,0,1,0,1,1,6076.0,53.8,7491.0,58.6,4930.0,56.6,4385.0,63.6,5996.857142857143,110.81113854644754
2026-03-09,2072,7444.0,58.8,126.59863945578232,1,55.88478802992519,2.0,2.075772200772201,0,3,1,0,1,1,0,2,6260.0,59.8,5891.0,56.6,4739.0,55.6,6113.0,55.6,6218.714285714285,114.0279053137299
2026-03-10,2072,5644.0,62.8,89.87261146496816,0,55.537456008044245,2.0,2.0733590733590734,1,3,1,0,1,0,0,2,7444.0,58.8,6038.0,53.6,3975.0,58.6,4474.0,52.6,6162.428571428572,110.77409927567632
2026-03-11,2072,6299.0,63.8,98.73040752351098,0,55.57142857142857,2.0,2.0588803088803087,2,3,1,0,1,0,0,2,5644.0,62.8,5284.0,52.6,3737.0,57.6,5590.0,52.6,6307.428571428572,110.52754695556952
2026-03-12,2072,5139.0,65.6,78.33841463414635,0,56.709823677581866,2.0,2.0892857142857144,3,3,1,0,1,0,0,2,6299.0,63.8,5548.0,51.6,4843.0,56.6,6066.0,53.6,6249.0,106.35883763973882
2026-03-13,2072,5649.0,65.6,86.11280487804879,0,54.134780413932354,2.0,2.0777027027027026,4,3,1,0,1,0,1,2,5139.0,65.6,6881.0,51.6,5040.0,53.6,4511.0,56.6,6073.0,99.61027931113229
2026-03-16,2072,5275.0,63.6,82.94025157232704,0,55.63696202531646,2.0,2.0974903474903477,0,3,1,0,1,1,0,3,5649.0,65.6,6076.0,53.8,4059.0,51.6,4887.0,55.6,5958.571428571428,95.32505768232504
2026-03-17,2072,7185.0,61.6,116.63961038961038,1,54.39086803813347,2.0,2.049227799227799,1,3,1,0,1,0,0,3,5275.0,63.6,6260.0,59.8,7491.0,58.6,4393.0,53.6,6090.714285714285,97.03324855977057
2026-03-18,2072,7345.0,62.6,117.33226837060703,1,56.45156482861401,3.0,2.124034749034749,2,3,1,0,1,0,0,3,7185.0,61.6,7444.0,58.8,5891.0,56.6,5212.0,54.6,6076.571428571428,95.70948126188839
2026-03-19,2072,6956.0,61.6,112.92207792207792,1,54.500251382604326,2.0,2.0342664092664093,3,3,1,0,1,0,0,3,7345.0,62.6,5644.0,62.8,6038.0,53.6,5046.0,56.6,6264.0,99.00226218433264
2026-03-20,2072,6121.0,62.6,97.77955271565494,0,54.46834170854272,2.0,2.050675675675676,4,3,1,0,1,0,1,3,6956.0,61.6,6299.0,63.8,5284.0,52.6,4220.0,57.6,6238.571428571428,98.86642578321036
2026-03-23,2044,5836.0,57.8,100.96885813148789,1,55.70750382848392,2.0,2.094422700587084,0,3,1,0,1,1,0,4,6121.0,62.6,5139.0,65.6,5548.0,51.6,4480.0,61.6,6338.142857142857,102.09934628283057
2026-03-24,2044,7015.0,53.8,130.3903345724907,1,55.72199592668024,2.0,2.0680039138943247,1,3,1,0,1,0,0,4,5836.0,57.8,5649.0,65.6,6881.0,51.6,4321.0,60.6,6533.285714285715,108.42470766775084
2026-03-25,2555,6354.0,56.8,111.86619718309859,1,56.770545158665584,3.0,2.1409001956947162,2,3,1,1,1,0,0,4,7015.0,53.8,5275.0,63.6,6076.0,53.8,3963.0,59.6,6687.428571428572,112.55698561214679
2026-03-26,2555,8854.0,56.8,155.88028169014086,1,58.06647634584013,3.0,2.128375733855186,3,3,1,1,1,0,0,4,6354.0,56.8,7185.0,61.6,6260.0,59.8,3988.0,58.6,6925.857142857143,118.16279579793685
2026-03-27,2555,7960.0,58.8,135.37414965986395,1,58.218877135882835,3.0,2.1365949119373777,4,3,1,1,1,0,1,4,8854.0,56.8,7345.0,62.6,7444.0,58.8,4549.0,60.6,7013.714285714285,120.74020741068784
2026-03-30,2555,7996.0,60.8,131.51315789473685,1,57.30402930402931,3.0,2.142857142857143,0,3,1,1,1,1,0,5,7960.0,58.8,6956.0,61.6,5644.0,62.8,4930.0,56.6,7162.285714285715,123.39607597821055
2026-03-31,2555,8370.0,62.6,133.70607028753994,1,55.873459326212,3.0,2.131115459882583,1,3,1,1,1,0,0,5,7996.0,60.8,6121.0,62.6,6299.0,63.8,4739.0,55.6,7483.571428571428,128.52843563133698
2026-04-01,1314,4122.0,62.6,65.84664536741214,0,54.46123417721519,2.0,2.0418569254185694,2,4,2,0,0,0,0,1,8370.0,62.6,5836.0,57.8,5139.0,65.6,3975.0,58.6,7238.714285714285,123.51097666504043
2026-04-02,1314,3372.0,60.6,55.64356435643564,0,52.8996015936255,2.0,2.028158295281583,3,4,2,0,0,0,0,1,4122.0,62.6,7015.0,53.8,5649.0,65.6,3737.0,57.6,6718.285714285715,112.83286663417542
2026-04-03,1314,3003.0,63.6,47.21698113207547,0,54.649722001588565,2.0,2.047945205479452,4,4,2,0,0,0,1,1,3372.0,60.6,6354.0,56.8,5275.0,63.6,4843.0,56.6,6239.571428571428,103.59726434117212
2026-04-06,1314,4756.0,56.6,84.02826855123675,0,56.00556438791733,2.0,2.0403348554033487,0,4,2,0,0,1,0,1,3003.0,63.6,8854.0,56.8,7185.0,61.6,5040.0,53.6,5654.142857142857,93.33269103561439
2026-04-07,1314,3175.0,57.6,55.12152777777778,0,53.53492063492064,2.0,1.9908675799086757,1,4,2,0,0,0,0,1,4756.0,56.6,7960.0,58.8,7345.0,62.6,4059.0,51.6,4970.571428571428,81.86803076674494
2026-04-08,1314,4757.0,60.8,78.24013157894737,0,52.07625099285147,2.0,2.0083713850837137,2,4,2,0,0,0,0,2,3175.0,57.6,7996.0,60.8,6956.0,61.6,7491.0,58.6,4507.857142857143,74.25759843591787
2026-04-09,1314,3592.0,59.8,60.06688963210703,0,54.43587726199843,2.0,2.0098934550989345,3,4,2,0,0,0,0,2,4757.0,60.8,8370.0,62.6,6121.0,62.6,5891.0,56.6,3825.285714285714,63.737715485141734
2026-04-10,1314,4748.0,59.8,79.3979933110368,0,54.48343848580441,2.0,1.9923896499238964,4,4,2,0,0,0,1,2,3592.0,59.8,4122.0,62.6,5836.0,57.8,6038.0,53.6,3914.714285714286,65.67362233423098
2026-04-13,1314,3720.0,58.8,63.26530612244898,0,51.7827804107425,2.0,1.9961948249619483,0,4,2,0,0,1,0,2,4748.0,59.8,3372.0,60.6,7015.0,53.8,5284.0,52.6,3964.4285714285716,66.76244258651859
2026-04-14,1314,4192.0,58.0,72.27586206896552,0,53.605633802816904,2.0,1.9931506849315068,1,4,2,0,0,0,0,2,3720.0,58.8,3003.0,63.6,6354.0,56.8,5548.0,51.6,4134.285714285715,70.34228272036003
2026-04-15,1314,3895.0,59.0,66.01694915254237,0,53.9538583929992,2.0,2.031202435312024,2,4,2,0,0,0,0,3,4192.0,58.0,4756.0,56.6,8854.0,56.8,6881.0,51.6,4011.285714285714,67.76923709197511
2026-04-16,1314,3922.0,60.0,65.36666666666666,0,54.11942675159236,2.0,2.032724505327245,3,4,2,0,0,0,0,3,3895.0,59.0,3175.0,57.6,7960.0,58.8,6076.0,53.8,4118.0,69.23282836181639
2026-04-17,1314,2909.0,58.8,49.47278911564626,0,53.4498023715415,2.0,1.974124809741248,4,4,2,0,0,0,1,3,3922.0,60.0,4757.0,60.8,7996.0,60.8,6260.0,59.8,3854.0,65.12320800991623
2026-04-20,1314,3489.0,58.6,59.539249146757676,0,52.2508064516129,2.0,2.0273972602739727,0,4,2,0,0,1,0,3,2909.0,58.8,3592.0,59.8,8370.0,62.6,7444.0,58.8,3839.285714285714,65.04783079772348
2026-04-21,1314,4138.0,57.6,71.84027777777777,0,53.27156549520767,2.0,2.0083713850837137,1,4,2,0,0,0,0,3,3489.0,58.6,4748.0,59.8,4122.0,62.6,5644.0,62.8,3752.1428571428573,63.96815715011503
2026-04-22,1296,3900.0,57.6,67.70833333333333,0,52.65196471531676,2.0,2.013888888888889,2,4,2,0,0,0,0,4,4138.0,57.6,3720.0,58.8,3372.0,60.6,6299.0,63.8,3777.8571428571427,64.60287532309852
2026-04-23,1296,4839.0,55.6,87.03237410071942,0,52.36022364217252,2.0,2.007716049382716,3,4,2,0,0,0,0,4,3900.0,57.6,4192.0,58.0,3003.0,63.6,5139.0,65.6,3870.285714285714,66.71094847049193
2026-04-24,1296,4052.0,48.6,83.37448559670781,0,55.68016194331984,2.0,2.0478395061728394,4,4,2,0,0,0,1,4,4839.0,55.6,3895.0,59.0,4756.0,56.6,5649.0,65.6,3892.714285714286,69.19059653394413
2026-04-27,1584,4885.0,46.6,104.8283261802575,1,56.7113606340819,2.0,2.0422979797979797,0,4,2,1,0,1,0,4,4052.0,48.6,3922.0,60.0,3175.0,57.6,5275.0,63.6,4030.285714285714,74.82797646445712
2026-04-28,1584,4572.0,43.8,104.38356164383562,1,56.07114361702128,2.0,2.10290404040404,1,4,2,1,0,0,0,4,4885.0,46.6,2909.0,58.8,4757.0,60.8,7185.0,61.6,4267.857142857143,82.67237253991274
2026-04-29,1584,5513.0,52.6,104.80988593155894,1,54.900918635170605,2.0,2.0681818181818183,2,4,2,1,0,0,0,5,4572.0,43.8,3489.0,58.6,3592.0,59.8,7345.0,62.6,4557.0,89.13960636631292
2026-04-30,1584,4114.0,58.6,70.20477815699658,0,54.48031496062992,2.0,2.037878787878788,3,4,2,1,0,0,0,5,5513.0,52.6,4138.0,57.6,4748.0,59.8,6956.0,61.6,4553.571428571428,88.90596356334417
2026-05-01,1512,3599.0,59.6,60.38590604026845,0,51.010330578512395,2.0,1.9755291005291005,4,5,2,0,0,0,1,1,4114.0,58.6,3900.0,57.6,3720.0,58.8,6121.0,62.6,4510.571428571428,87.85990252147776
2026-05-04,1512,5423.0,62.6,86.629392971246,0,53.304287690179805,2.0,2.009259259259259,0,5,2,0,0,1,0,1,3599.0,59.6,4839.0,55.6,4192.0,58.0,5836.0,57.8,4594.0,87.80233378869585
2026-05-05,1512,4830.0,62.6,77.15654952076677,0,53.523581681476415,2.0,2.002645502645503,1,5,2,0,0,0,0,1,5423.0,62.6,4052.0,48.6,3895.0,59.0,7015.0,53.8,4705.142857142857,86.91405720641856
2026-05-06,1512,4490.0,62.6,71.72523961661342,0,54.15622849277357,2.0,1.9887566137566137,2,5,2,0,0,0,0,1,4830.0,62.6,4885.0,46.6,3922.0,60.0,6354.0,56.8,4648.714285714285,82.18504484018368
2026-05-07,1512,4102.0,62.6,65.52715654952077,0,52.032436162870944,2.0,1.9907407407407407,3,5,2,0,0,0,0,1,4490.0,62.6,4572.0,43.8,2909.0,58.8,8854.0,56.8,4581.571428571428,76.63412982671014
2026-05-08,1512,5720.0,62.6,91.3738019169329,0,55.04938271604938,2.0,2.0264550264550265,4,5,2,0,0,0,1,2,4102.0,62.6,5513.0,52.6,3489.0,58.6,7960.0,58.8,4611.142857142857,74.71468925319213
2026-05-11,1512,4099.0,62.6,65.47923322683705,0,53.066481994459835,2.0,2.003968253968254,0,5,2,0,0,1,0,2,5720.0,62.6,4114.0,58.6,4138.0,57.6,7996.0,60.8,4609.0,74.03961140602648
2026-05-12,1512,4984.0,61.6,80.9090909090909,0,52.11187845303867,2.0,2.0291005291005293,1,5,2,0,0,0,0,2,4099.0,62.6,3599.0,59.6,3900.0,57.6,8370.0,62.6,4806.857142857143,76.97149495871541
2026-05-13,1512,4199.0,61.6,68.16558441558442,0,53.187198898830005,2.0,2.002645502645503,2,5,2,0,0,0,0,2,4984.0,61.6,5423.0,62.6,4839.0,55.6,4122.0,62.6,4632.0,74.33380802219231
2026-05-14,1512,4539.0,62.6,72.50798722044728,0,53.15242652084758,2.0,2.009259259259259,3,5,2,0,0,0,0,2,4199.0,61.6,4830.0,62.6,4052.0,48.6,3372.0,60.6,4590.428571428572,73.66972769357525
2026-05-15,1512,5008.0,61.6,81.2987012987013,0,53.421267893660534,2.0,2.0046296296296298,4,5,2,0,0,0,1,3,4539.0,62.6,4490.0,62.6,4885.0,46.6,3003.0,63.6,4664.428571428572,75.03736507673067
2026-05-18,1512,5006.0,60.6,82.60726072607261,0,53.72527472527472,2.0,2.009920634920635,0,5,2,0,0,1,0,3,5008.0,61.6,4102.0,62.6,4572.0,43.8,4756.0,56.6,4793.571428571428,77.4773799590952
2026-05-19,1512,3707.0,61.6,60.17857142857143,0,53.877216916780355,2.0,2.0357142857142856,1,5,2,0,0,0,0,3,5006.0,60.6,5720.0,62.6,5513.0,52.6,3175.0,57.6,4506.0,73.02091846075787
2026-05-20,1512,5860.0,62.6,93.61022364217253,0,54.49965588437715,2.0,1.9887566137566137,2,5,2,0,0,0,0,3,3707.0,61.6,4099.0,62.6,4114.0,58.6,4757.0,60.8,4757.571428571428,77.03963137723436
2026-05-21,1512,4654.0,61.6,75.55194805194805,0,52.846048109965636,2.0,1.9947089947089947,3,5,2,0,0,0,0,3,5860.0,62.6,4984.0,61.6,3599.0,59.6,3592.0,59.8,4710.428571428572,76.27432525478537
2026-05-22,1512,5095.0,62.6,81.38977635782747,0,53.28747433264887,2.0,1.9583333333333333,4,5,2,0,0,0,1,4,4654.0,61.6,4199.0,61.6,5423.0,62.6,4748.0,59.8,4838.428571428572,78.16349553224867
2026-05-25,1872,4573.0,49.6,92.19758064516128,0,52.84418475236505,2.0,2.0368589743589745,0,5,2,1,0,1,0,4,5095.0,62.6,4539.0,62.6,4830.0,62.6,3720.0,58.8,4843.285714285715,80.97629459292209
2026-05-26,1872,5939.0,55.6,106.81654676258992,1,53.43456653782441,2.0,2.0416666666666665,1,5,2,1,0,0,0,4,4573.0,49.6,5008.0,61.6,4490.0,62.6,4192.0,58.0,4976.285714285715,84.62170108776333
2026-05-27,1872,4764.0,55.6,85.68345323741006,0,52.139367018323156,2.0,2.02991452991453,2,5,2,1,0,0,0,4,5939.0,55.6,5006.0,60.6,4102.0,62.6,3895.0,59.0,4941.714285714285,85.06115716081153
2026-05-28,1872,6777.0,50.6,133.93280632411066,1,53.457730812013345,2.0,2.0213675213675213,3,5,2,1,0,0,0,4,4764.0,55.6,3707.0,61.6,5720.0,62.6,3922.0,60.0,5380.285714285715,95.59747643160286
2026-05-29,1872,5396.0,56.6,95.33568904593639,0,54.68082727780883,2.0,2.0197649572649574,4,5,2,1,0,0,1,5,6777.0,50.6,5860.0,62.6,4099.0,62.6,2909.0,58.8,5314.0,95.8439714892834
2026-06-01,2088,6909.0,56.6,122.06713780918727,1,56.926389584376565,2.0,2.081896551724138,0,6,2,0,1,1,0,1,5396.0,56.6,4654.0,61.6,4984.0,61.6,3489.0,58.6,5636.142857142857,102.48899859746044
2026-06-02,2088,7440.0,56.6,131.4487632508834,1,54.98548548548548,2.0,2.0732758620689653,1,6,2,0,1,0,0,1,6909.0,56.6,5095.0,62.6,4199.0,61.6,4138.0,57.6,5971.142857142857,109.64028243932557
2026-06-03,2088,5511.0,56.6,97.36749116607774,0,56.063851181498244,3.0,2.1087164750957856,2,6,2,0,1,0,0,1,7440.0,56.6,4573.0,49.6,4539.0,62.6,3900.0,57.6,6105.142857142857,110.37884108517076
2026-06-04,2088,5820.0,60.6,96.03960396039604,0,54.798110392839384,2.0,2.0914750957854404,3,6,2,0,1,0,0,1,5511.0,56.6,5939.0,55.6,5008.0,61.6,4839.0,55.6,6088.142857142857,108.8392778277145
2026-06-05,2088,5526.0,58.6,94.30034129692832,0,55.86616915422886,2.0,2.1058429118773945,4,6,2,0,1,0,1,1,5820.0,60.6,4764.0,55.6,5006.0,60.6,4052.0,48.6,6197.0,110.07026183621711
2026-06-08,2088,6373.0,57.6,110.64236111111111,1,55.36467095497279,2.0,2.0694444444444446,0,6,2,0,1,1,0,2,5526.0,58.6,6777.0,50.6,3707.0,61.6,4885.0,46.6,6139.285714285715,106.74305537721717
2026-06-09,2088,6206.0,58.6,105.90443686006826,1,55.794947994056464,2.0,2.0828544061302683,1,6,2,0,1,0,0,2,6373.0,57.6,5396.0,56.6,5860.0,62.6,4572.0,43.8,6255.0,108.25287649352173
2026-06-10,2088,6181.0,61.6,100.3409090909091,0,54.67111111111111,2.0,2.05411877394636,2,6,2,0,1,0,0,2,6206.0,58.6,6909.0,56.6,4654.0,61.6,5513.0,52.6,6151.0,105.1491295337677
2026-06-11,2088,5304.0,61.6,86.1038961038961,0,54.40120060030015,2.0,2.0842911877394634,3,6,2,0,1,0,0,2,6181.0,61.6,7440.0,56.6,5095.0,62.6,4114.0,58.6,5845.857142857143,98.67129136991238
2026-06-12,2088,6406.0,57.6,111.21527777777777,1,55.423611111111114,2.0,2.0847701149425286,4,6,2,0,1,0,1,2,5304.0,61.6,5511.0,56.6,4573.0,49.6,3599.0,59.6,5973.714285714285,100.64954660015526
